Date/Time,FPT_Open,MSN_Open,PNJ_Open,VIC_Open,FPT_High,MSN_High,PNJ_High,VIC_High,FPT_Low,MSN_Low,PNJ_Low,VIC_Low,FPT_Close,MSN_Close,PNJ_Close,VIC_Close,FPT_Volume,MSN_Volume,PNJ_Volume,VIC_Volume
2018-12-25,30.89,78.9,67.15,100.1,30.89,80.4,69.27,101.9,30.59,77.9,66.86,100.1,30.66,80.0,67.36,101.9,84960.0,562070.0,307360.0,293610.0
2018-12-26,31.04,80.0,67.36,101.0,31.22,80.2,67.94,101.9,30.89,79.0,67.15,101.0,30.89,79.0,67.22,101.9,333590.0,577200.0,173060.0,367750.0
2018-12-27,31.41,80.0,68.66,101.0,31.52,80.5,70.0,102.9,31.19,79.0,67.94,101.0,31.19,79.0,68.15,102.4,454860.0,425950.0,146070.0,690680.0
2018-12-28,31.34,79.4,68.66,103.3,31.49,80.0,69.78,103.4,31.19,77.5,67.86,95.3,31.49,77.5,69.04,95.3,387170.0,546000.0,206530.0,381320.0
2019-01-02,31.19,78.9,67.57,101.2,31.45,78.9,69.49,101.3,30.7,78.2,66.7,97.5,30.74,78.6,66.7,100.4,459120.0,433670.0,142060.0,602450.0
2019-01-03,30.93,78.9,66.7,100.0,30.93,78.9,68.52,100.3,30.37,77.6,64.38,98.2,30.44,78.0,64.53,100.3,716600.0,565640.0,398110.0,496950.0
2019-01-04,30.29,77.0,63.44,100.0,30.93,77.5,66.08,100.7,30.22,75.5,62.64,98.0,30.66,76.2,65.25,100.6,318570.0,463070.0,242880.0,458000.0
2019-01-07,31.19,78.1,66.34,100.9,31.41,78.5,67.93,103.0,31.04,77.2,65.69,99.9,31.19,78.2,66.27,101.0,408470.0,336380.0,214970.0,589150.0
2019-01-08,31.19,78.2,65.98,102.0,31.34,79.1,67.19,102.0,31.11,78.1,65.25,99.7,31.34,79.0,65.98,101.0,295660.0,279810.0,132390.0,494300.0
2019-01-09,31.41,79.0,66.48,101.0,31.78,79.8,67.93,101.9,31.26,78.9,65.61,99.0,31.63,79.0,67.78,101.5,309040.0,339530.0,166090.0,659210.0
2019-01-10,31.63,79.0,66.48,101.2,31.75,81.1,68.6,101.5,31.45,79.0,66.05,100.0,31.45,80.2,66.92,101.4,207330.0,450900.0,153450.0,551980.0
2019-01-11,31.63,80.3,67.06,101.0,31.75,81.2,68.6,101.4,31.37,80.0,66.63,100.1,31.49,80.7,68.52,101.4,596090.0,452300.0,237830.0,569030.0
2019-01-14,31.56,80.7,68.45,101.3,31.78,81.3,68.45,101.9,31.34,80.3,66.34,100.2,31.71,80.5,66.63,101.4,398400.0,268810.0,151770.0,562930.0
2019-01-15,31.56,80.6,66.05,101.4,31.93,82.0,68.15,101.5,31.56,80.4,66.05,100.4,31.93,81.9,66.63,101.5,339480.0,403800.0,94060.0,711450.0
2019-01-16,32.08,82.0,66.99,101.5,32.08,82.6,68.37,102.1,31.75,81.4,66.27,100.8,31.75,81.4,66.48,102.0,186590.0,483100.0,92390.0,518160.0
2019-01-17,31.71,81.3,66.12,102.0,31.9,82.1,67.71,102.2,31.34,80.2,65.25,100.7,31.34,80.2,65.25,102.0,379770.0,320060.0,278850.0,325130.0
2019-01-18,31.41,80.2,65.61,101.5,31.71,81.4,66.6,102.2,31.34,80.2,64.67,100.9,31.34,81.0,64.67,102.2,227150.0,359080.0,126480.0,498290.0
2019-01-21,31.49,81.0,65.25,102.2,31.93,81.3,68.0,102.4,31.49,80.6,65.25,101.3,31.71,80.8,67.93,102.4,247800.0,266000.0,162760.0,404250.0
2019-01-22,31.71,80.8,66.48,102.4,31.9,80.9,68.0,102.4,31.6,80.1,65.69,101.5,31.6,80.1,65.69,102.4,141480.0,115780.0,160140.0,258070.0
2019-01-23,31.56,80.1,65.47,102.0,31.63,80.1,67.41,103.7,31.45,78.0,65.47,102.0,31.6,78.0,65.61,102.6,193460.0,707690.0,76830.0,299570.0
2019-01-24,31.63,78.7,65.61,102.5,31.78,78.9,67.56,102.9,31.6,77.5,65.61,102.2,31.67,78.0,65.76,102.8,234470.0,435690.0,70270.0,184720.0
2019-01-25,31.63,78.0,65.76,102.8,31.78,78.6,68.45,103.5,31.56,77.8,65.76,102.2,31.63,78.3,66.7,102.9,213470.0,677540.0,205020.0,306670.0
2019-01-28,31.71,78.3,67.43,102.9,31.71,79.3,69.93,103.7,31.41,78.3,67.06,102.6,31.41,79.1,68.3,103.7,216330.0,749070.0,337020.0,381260.0
2019-01-29,31.63,80.0,68.59,104.9,31.71,80.0,69.63,104.9,31.34,79.2,67.79,103.0,31.71,79.5,68.15,103.9,430580.0,604480.0,92370.0,225310.0
2019-01-30,31.71,79.1,68.15,103.9,32.38,79.6,68.3,104.0,31.63,79.1,67.86,102.9,32.23,79.1,68.01,103.9,689260.0,591400.0,133150.0,370040.0
2019-01-31,32.31,79.4,68.15,104.0,32.38,79.6,69.24,104.5,32.01,77.7,68.15,102.5,32.23,77.7,68.88,103.9,517260.0,721900.0,326950.0,651020.0
2019-02-01,32.23,78.0,69.24,103.8,32.23,78.6,70.08,103.8,30.96,77.5,68.15,98.8,31.78,78.4,68.59,98.8,599890.0,679540.0,223210.0,2095840.0
2019-02-11,32.08,79.9,69.53,101.8,33.05,82.2,72.23,104.0,31.86,79.8,69.31,101.2,32.94,80.2,70.69,104.0,1000430.0,1094450.0,344550.0,527310.0
2019-02-12,32.83,81.5,70.69,104.9,33.28,83.0,71.93,109.1,32.75,80.8,69.6,104.0,32.75,82.3,70.18,109.1,701570.0,1032810.0,306350.0,769110.0
2019-02-13,32.83,82.3,70.18,108.0,33.57,85.9,72.6,109.3,32.83,82.3,69.67,107.2,33.24,85.9,70.76,109.0,1125370.0,1361490.0,379710.0,822040.0
2019-02-14,33.31,85.9,72.38,109.0,33.5,86.4,72.75,113.0,33.01,84.0,70.4,109.0,33.01,86.0,70.47,112.9,616980.0,1451830.0,398610.0,995310.0
2019-02-15,33.01,85.8,70.54,113.0,33.16,85.8,72.08,113.0,32.83,84.6,70.11,112.0,32.98,84.7,70.11,112.0,647230.0,779850.0,280730.0,670900.0
2019-02-18,33.2,85.0,70.54,112.5,33.28,85.5,71.86,113.7,32.9,84.9,69.6,111.7,33.13,85.4,70.54,113.7,306310.0,659240.0,268310.0,829150.0
2019-02-19,33.35,85.1,70.54,113.5,33.69,86.6,73.71,116.6,33.05,85.1,70.54,113.5,33.13,86.5,70.98,116.0,1470880.0,1121720.0,698600.0,1002020.0
2019-02-20,33.05,86.0,71.2,115.2,33.61,86.4,73.41,116.9,33.05,85.8,70.98,115.2,33.46,86.0,71.7,116.5,499430.0,1131460.0,338710.0,678800.0
2019-02-21,33.28,86.3,71.99,116.5,33.5,89.9,73.34,118.4,33.05,86.3,71.2,116.3,33.42,89.7,71.78,118.4,749950.0,2224960.0,290870.0,1162700.0
2019-02-22,33.42,89.9,71.12,118.0,33.87,91.0,73.86,118.4,33.13,88.4,71.12,116.6,33.72,88.4,73.41,117.0,1243720.0,1234210.0,333910.0,720970.0
2019-02-25,34.02,92.0,73.71,117.0,34.47,92.0,75.19,117.9,33.91,90.5,72.14,115.9,33.95,91.2,72.5,116.3,1023660.0,1138120.0,397930.0,624890.0
2019-02-26,33.98,91.1,72.86,116.0,34.02,91.2,74.45,116.6,33.57,88.4,70.83,113.5,33.72,90.0,71.2,115.5,663220.0,902730.0,339880.0,792710.0
2019-02-27,33.72,90.1,71.27,115.5,33.91,90.9,73.26,117.9,33.5,89.8,70.91,115.5,33.65,89.9,71.49,117.4,485650.0,788910.0,260850.0,824620.0
2019-02-28,33.65,89.9,71.41,117.0,33.65,89.9,71.41,117.4,32.98,88.5,69.89,113.1,32.98,88.9,69.89,114.0,1372190.0,835220.0,474790.0,1132410.0
2019-03-01,33.24,89.0,69.89,114.0,33.28,89.2,72.89,117.0,32.94,88.2,69.89,114.0,33.28,89.0,71.41,115.1,590780.0,683440.0,235110.0,739260.0
2019-03-04,33.28,89.1,71.63,116.7,33.72,91.4,74.97,117.6,33.28,89.0,71.63,115.8,33.57,89.5,73.15,117.4,806770.0,1284390.0,629820.0,660550.0
2019-03-05,33.57,89.5,73.08,117.4,33.72,90.9,74.97,117.8,33.42,89.3,72.14,116.9,33.5,89.4,72.57,117.3,824300.0,772090.0,322490.0,706060.0
2019-03-06,33.54,90.0,72.07,117.7,33.65,90.2,73.15,117.7,33.16,89.3,72.07,117.1,33.28,90.0,72.43,117.7,695230.0,695520.0,198530.0,377280.0
2019-03-07,33.28,90.7,72.43,117.9,33.57,91.0,74.45,122.5,33.28,89.8,72.14,117.8,33.39,90.0,72.36,119.2,374340.0,947510.0,224060.0,1797980.0
2019-03-08,33.35,89.1,71.78,119.0,33.42,90.0,73.71,119.6,33.16,88.5,71.49,118.1,33.31,89.8,71.63,118.1,693180.0,469730.0,293560.0,845280.0
2019-03-11,33.31,88.1,71.78,117.0,33.46,89.7,73.71,118.3,33.16,88.1,71.49,117.0,33.2,89.6,72.14,118.3,364520.0,602350.0,177090.0,429390.0
2019-03-12,33.39,89.6,74.45,119.0,34.69,90.0,74.97,119.4,33.39,88.1,72.21,118.2,34.69,88.5,74.0,118.6,1930870.0,653990.0,314170.0,902200.0
2019-03-13,34.62,88.5,72.43,118.5,34.84,89.5,75.56,120.0,34.47,88.5,72.43,117.0,34.47,89.0,73.95,117.5,1001890.0,1014640.0,576240.0,1262350.0
2019-03-14,34.47,89.0,74.31,116.5,34.69,89.3,77.04,118.8,34.32,88.6,74.1,115.6,34.51,88.6,75.55,118.8,533480.0,201760.0,414880.0,1155340.0
2019-03-15,34.54,88.6,75.55,119.3,34.54,89.0,77.63,119.3,34.13,85.3,74.75,117.9,34.32,86.5,75.4,118.7,1041840.0,1372560.0,318000.0,1704580.0
2019-03-18,34.54,86.5,75.4,120.0,34.66,87.6,77.19,121.3,34.28,84.8,74.75,119.1,34.47,86.8,75.4,121.3,994080.0,766250.0,206710.0,1114570.0
2019-03-19,34.47,87.3,76.13,121.3,34.54,87.3,77.78,122.4,34.1,86.0,73.95,120.7,34.1,87.0,74.17,121.0,914720.0,442460.0,274850.0,1190080.0
2019-03-20,34.02,85.3,75.78,121.0,34.25,86.2,76.3,121.0,33.76,84.0,73.23,119.1,33.91,85.0,73.59,120.2,797270.0,591560.0,250190.0,780190.0
2019-03-21,34.17,85.1,73.59,120.1,34.17,85.4,75.93,120.3,33.65,84.3,72.86,117.0,33.65,85.0,72.86,117.0,825740.0,665060.0,281010.0,1208480.0
2019-03-22,33.65,84.9,74.45,117.0,33.87,85.3,75.93,118.9,33.61,84.5,71.92,117.0,33.61,84.5,74.1,118.6,687690.0,759190.0,470560.0,1114660.0
2019-03-25,32.98,83.0,72.5,117.0,33.57,83.7,74.82,117.3,32.98,82.1,71.78,115.0,33.13,82.2,72.28,115.2,633520.0,488150.0,263520.0,886800.0
2019-03-26,33.57,82.2,72.28,115.5,33.57,84.0,73.15,116.8,33.2,82.2,71.85,113.0,33.39,83.1,72.28,113.7,386120.0,488320.0,152410.0,846570.0
2019-03-27,33.42,83.1,72.36,115.0,33.65,85.2,74.45,115.9,33.42,83.1,72.14,113.9,33.57,85.0,72.43,113.9,589040.0,455910.0,128380.0,772080.0
2019-03-28,33.39,85.0,71.85,113.9,33.84,85.0,73.93,115.9,33.39,84.2,71.85,113.9,33.69,85.0,72.21,115.9,362360.0,395730.0,94860.0,561880.0
2019-03-29,34.02,85.0,72.21,115.9,34.02,86.9,74.23,116.8,33.8,84.3,71.7,115.9,33.95,84.3,72.14,115.9,446750.0,756010.0,172610.0,1099970.0
2019-04-01,34.25,85.6,72.14,116.4,34.25,88.0,74.45,116.5,33.95,85.2,71.92,115.8,34.17,88.0,72.72,116.5,327500.0,515710.0,198660.0,828430.0
2019-04-02,34.17,88.3,73.15,116.9,34.84,88.6,74.67,117.2,34.17,86.3,71.92,116.2,34.32,88.1,72.28,116.3,1354480.0,393200.0,114830.0,1036350.0
2019-04-03,34.62,88.1,72.5,115.5,35.22,88.1,73.78,116.0,34.32,87.0,71.7,114.5,35.22,87.7,71.78,114.9,1034100.0,303680.0,161530.0,464270.0
2019-04-04,35.44,88.0,71.99,115.5,35.96,88.1,74.82,115.8,35.25,87.3,71.41,114.1,35.66,87.8,73.23,115.1,1716130.0,336280.0,508480.0,383730.0
2019-04-05,35.66,87.8,73.88,115.3,35.74,88.8,75.04,115.4,35.4,87.8,72.86,114.6,35.66,88.3,72.86,115.1,615200.0,231110.0,253480.0,235790.0
2019-04-08,35.55,88.5,73.23,115.2,35.81,88.5,75.04,115.8,35.4,85.8,72.65,114.8,35.66,88.3,75.04,115.5,452660.0,582440.0,228910.0,435190.0
2019-04-09,35.66,88.7,73.88,116.0,36.19,88.7,76.38,116.0,35.29,87.0,73.66,112.8,35.29,87.5,73.66,113.0,1011680.0,280380.0,630570.0,1156710.0
2019-04-10,35.07,85.2,74.82,113.0,35.29,87.0,74.97,114.0,34.88,85.2,72.36,110.9,34.99,86.7,74.0,111.8,731100.0,292050.0,255050.0,696000.0
2019-04-11,34.99,86.7,73.15,111.8,35.44,88.0,74.38,115.0,34.95,86.7,72.43,111.8,35.07,87.7,72.65,115.0,359910.0,188220.0,51790.0,350810.0
2019-04-12,34.95,87.8,72.07,115.0,36.11,88.1,74.0,115.0,34.95,87.0,72.07,113.0,35.96,87.8,72.21,113.2,875090.0,95630.0,110800.0,551990.0
2019-04-16,35.44,85.5,73.49,109.5,35.96,88.1,73.56,113.1,35.44,85.4,71.41,108.0,35.74,87.8,71.56,113.1,907000.0,290800.0,261580.0,1231190.0
2019-04-17,36.04,87.8,71.63,111.3,36.93,88.1,74.23,113.0,35.96,87.0,71.56,110.0,36.19,88.0,71.92,110.0,1959530.0,730310.0,244000.0,960220.0
2019-04-18,36.19,86.1,71.92,109.5,36.75,87.9,73.49,110.0,35.85,86.0,70.54,105.0,36.19,86.0,70.54,109.0,975930.0,407720.0,195450.0,891240.0
2019-04-19,36.33,86.0,72.08,110.0,36.48,88.0,72.97,110.6,36.11,86.0,70.54,108.2,36.15,87.6,70.83,110.1,453980.0,57480.0,142320.0,414050.0
2019-04-22,36.19,87.6,71.05,109.0,36.19,88.0,72.97,111.9,35.66,87.5,70.4,107.0,35.74,87.9,71.41,111.9,826090.0,292240.0,380410.0,794060.0
2019-04-23,35.74,87.1,71.41,111.9,36.15,88.0,74.08,113.0,35.44,87.1,71.41,111.0,35.74,87.9,72.36,113.0,549400.0,338520.0,317750.0,534660.0
2019-04-24,36.19,86.6,72.65,113.0,36.3,88.1,74.23,114.0,35.89,86.6,72.21,112.1,36.22,88.0,72.5,113.8,855130.0,573510.0,124360.0,447820.0
2019-04-25,36.19,88.0,73.93,113.8,36.67,88.0,74.08,113.8,36.15,87.1,71.85,112.0,36.41,87.4,73.56,113.6,970660.0,271410.0,70420.0,503490.0
2019-04-26,36.48,87.0,71.99,112.0,37.12,87.4,74.23,113.7,36.41,86.4,71.78,112.0,36.97,86.9,72.57,113.7,864950.0,284150.0,194500.0,826050.0
2019-05-02,37.16,87.0,72.72,113.8,37.45,88.5,76.3,113.9,37.04,86.5,72.65,113.0,37.19,88.5,74.68,113.6,885020.0,678660.0,610080.0,190970.0
2019-05-03,37.23,88.7,76.08,113.7,37.3,90.4,77.04,113.7,37.01,87.3,74.39,112.1,37.3,88.6,74.46,112.5,1059570.0,868120.0,369240.0,705500.0
2019-05-06,36.56,88.4,73.44,112.0,36.86,88.4,75.49,112.3,36.15,86.5,72.5,110.2,36.37,87.0,75.49,112.2,1455140.0,90180.0,432670.0,290580.0
2019-05-07,36.63,87.0,73.95,112.2,37.08,88.7,75.63,113.3,36.6,87.0,73.15,111.0,37.08,87.9,75.26,112.6,1094880.0,337420.0,169030.0,421350.0
2019-05-08,36.78,87.0,72.65,111.5,37.08,88.5,75.19,112.7,36.56,87.0,72.65,111.4,37.04,87.8,73.23,112.6,959020.0,509850.0,200610.0,348500.0
2019-05-09,37.01,87.8,72.94,112.7,37.04,88.2,75.04,112.7,36.26,87.5,72.14,111.6,36.26,87.7,72.36,112.6,860940.0,221500.0,355930.0,314140.0
2019-05-10,36.56,87.1,72.86,112.6,36.75,88.3,73.23,113.0,36.37,87.1,72.21,112.2,36.56,87.5,72.86,112.7,1027830.0,189070.0,183020.0,289160.0
2019-05-13,36.56,87.5,72.86,111.9,37.16,87.9,74.67,112.9,36.56,86.7,72.72,111.7,36.93,86.7,73.08,112.9,850540.0,291940.0,159350.0,439200.0
2019-05-14,36.89,84.1,73.01,112.0,37.9,87.8,75.19,113.5,36.63,84.1,72.86,111.9,37.45,86.5,73.15,113.5,1560830.0,327800.0,249390.0,539280.0
2019-05-15,37.68,86.5,73.23,113.5,37.75,88.5,76.08,116.2,37.38,86.5,73.15,113.4,37.6,87.8,74.31,115.3,1539940.0,202520.0,1053400.0,456790.0
2019-05-16,37.6,87.8,74.75,115.3,37.83,88.3,76.75,118.9,37.04,87.0,74.6,115.3,37.04,87.0,74.6,116.9,1891290.0,359320.0,361760.0,773010.0
2019-05-17,37.69,86.2,74.68,117.0,37.69,87.8,76.23,118.1,37.1,86.2,74.17,116.1,37.23,86.5,75.93,116.9,1487590.0,419260.0,245590.0,464260.0
2019-05-20,37.27,86.6,74.6,117.2,37.94,88.2,79.26,117.5,37.27,86.5,74.24,116.1,37.9,88.0,78.3,117.5,1792130.0,396980.0,1263740.0,406340.0
2019-05-21,38.11,88.0,78.45,118.7,38.57,91.6,79.56,118.7,37.98,88.0,77.0,116.3,38.44,91.3,77.29,117.5,1016530.0,976350.0,450470.0,708620.0
2019-05-22,38.44,91.3,77.29,117.2,38.65,91.6,80.83,118.1,37.9,89.8,77.29,116.0,37.9,90.0,78.01,117.5,1563650.0,436560.0,635850.0,382330.0
2019-05-23,37.9,89.8,78.09,117.0,38.36,90.8,80.9,117.6,37.86,89.0,77.29,116.2,38.28,90.0,79.54,117.0,1267520.0,254800.0,670520.0,249830.0
2019-05-24,38.11,90.0,78.89,115.5,38.49,90.5,81.64,116.2,37.9,87.2,78.38,114.3,38.19,87.2,79.79,115.0,1014750.0,687440.0,586190.0,628560.0
2019-05-27,37.94,87.2,79.04,114.0,38.02,88.8,80.01,115.9,37.4,87.1,77.0,114.0,37.9,88.4,77.0,115.0,1261950.0,353840.0,512340.0,166080.0
2019-05-28,37.69,88.0,77.36,116.0,38.02,88.5,80.53,116.0,37.48,86.5,77.36,114.0,37.56,87.0,80.38,114.0,518470.0,642340.0,429790.0,503270.0
2019-05-29,37.56,86.6,78.89,114.9,37.56,87.7,80.6,115.4,36.85,86.5,77.0,114.0,36.94,87.3,79.19,115.2,1505300.0,313820.0,391420.0,357950.0
2019-05-30,36.94,87.3,79.19,115.2,37.44,87.8,79.79,116.2,36.77,85.5,77.14,115.0,37.31,85.5,77.14,115.0,986450.0,309190.0,329610.0,572810.0
2019-05-31,37.35,85.6,77.0,115.8,37.52,86.8,77.14,115.8,36.94,85.6,74.89,114.6,36.94,85.8,74.89,114.6,611860.0,463440.0,787930.0,296610.0
2019-06-03,36.85,85.8,74.53,114.0,36.94,86.4,76.37,115.5,36.43,85.0,73.0,113.0,36.43,85.0,73.22,114.5,881810.0,381730.0,602080.0,281510.0
2019-06-04,36.43,85.0,73.37,113.6,36.6,85.6,74.31,115.4,36.22,83.5,73.29,113.6,36.27,85.0,73.29,114.6,537160.0,326580.0,486050.0,262740.0
2019-06-05,36.43,85.9,74.96,115.0,36.77,85.9,77.29,115.9,36.43,85.0,74.58,115.0,36.52,85.0,74.58,115.9,500100.0,214360.0,500760.0,244400.0
2019-06-06,36.68,84.6,76.89,115.9,37.44,85.5,76.89,115.9,36.52,84.6,73.8,114.4,37.27,85.2,74.58,115.9,922740.0,254610.0,302820.0,167500.0
2019-06-07,37.52,85.5,76.6,116.6,37.9,86.9,77.98,117.0,37.44,85.0,74.77,116.1,37.86,86.0,77.98,117.0,1304680.0,293020.0,347690.0,286940.0
2019-06-10,38.11,87.0,76.9,117.2,38.28,87.0,78.67,118.7,37.52,85.6,76.13,117.2,37.77,86.7,76.32,117.6,1227340.0,435320.0,350190.0,955890.0
2019-06-11,37.77,86.7,76.32,117.6,38.19,86.8,78.48,117.8,37.61,86.0,76.03,117.0,37.86,86.0,76.42,117.0,1296500.0,226860.0,432400.0,308910.0
2019-06-12,37.86,86.5,77.19,117.0,38.19,86.5,77.58,117.5,37.69,85.0,74.38,116.0,37.73,85.0,75.9,116.0,1284520.0,209690.0,847940.0,258350.0
2019-06-13,37.73,85.0,73.8,115.2,37.77,86.2,74.81,115.9,37.27,84.3,72.35,115.2,37.31,84.5,72.35,115.5,856270.0,111480.0,529700.0,267940.0
2019-06-14,37.35,85.0,72.35,116.0,37.61,85.0,74.22,116.0,37.19,83.6,71.77,114.3,37.19,84.2,71.86,115.5,559800.0,248270.0,303500.0,350180.0
2019-06-17,36.94,83.3,71.86,115.9,37.27,84.8,73.73,116.5,36.77,83.0,69.93,113.8,36.89,83.5,69.93,114.5,1013550.0,334140.0,476780.0,415390.0
2019-06-18,37.15,83.4,70.22,114.7,37.23,83.7,72.24,115.0,36.64,81.6,68.77,113.8,36.89,82.0,69.25,114.0,763680.0,471770.0,461990.0,433860.0
2019-06-19,37.1,82.0,69.73,114.7,37.44,83.4,71.65,115.9,37.02,82.0,69.35,114.5,37.4,82.8,69.54,115.9,530820.0,267320.0,258360.0,135220.0
2019-06-20,37.56,82.5,69.73,116.2,38.02,84.5,73.13,117.1,37.4,82.3,69.73,115.6,38.02,82.5,71.38,116.0,1356030.0,313420.0,594660.0,317480.0
2019-06-21,38.11,82.5,73.43,116.5,38.19,84.0,74.22,116.8,37.9,82.4,71.57,114.5,38.02,84.0,71.86,114.5,872460.0,739810.0,334200.0,594210.0
2019-06-24,38.02,84.0,71.67,115.0,38.07,85.5,73.63,116.6,37.82,78.2,71.28,115.0,37.82,84.1,71.28,116.4,726160.0,292000.0,259110.0,228390.0
2019-06-25,37.69,84.0,71.38,116.5,38.99,84.7,73.03,117.2,37.52,84.0,70.31,116.3,38.95,84.0,71.94,116.4,3269450.0,246500.0,357000.0,510700.0
2019-06-26,38.95,83.8,71.75,116.3,38.95,85.5,72.44,117.0,38.61,83.8,70.22,116.0,38.65,85.5,70.51,116.9,1014470.0,273640.0,243340.0,515020.0
2019-06-27,38.61,84.7,70.61,117.0,38.61,85.6,72.24,117.0,37.94,82.0,69.73,114.9,38.02,82.0,69.73,114.9,1221860.0,598870.0,264660.0,398280.0
2019-06-28,37.98,82.2,69.73,115.0,38.53,83.0,72.24,115.9,37.61,81.5,69.54,113.7,38.11,83.0,72.24,115.7,2479220.0,513210.0,385570.0,468590.0
2019-07-01,38.53,84.0,70.9,116.7,39.45,85.6,72.83,117.2,38.44,83.9,70.8,116.1,39.45,85.6,71.96,117.2,2551280.0,329720.0,412650.0,562110.0
2019-07-02,39.36,85.6,73.53,117.1,39.78,85.6,74.02,117.3,39.07,84.6,71.67,115.8,39.28,84.6,72.45,115.8,1600280.0,143850.0,416150.0,268150.0
2019-07-03,39.11,84.6,72.45,115.5,39.28,84.9,73.73,116.0,38.99,83.2,71.38,114.3,39.2,84.5,71.38,115.4,1275860.0,391950.0,275670.0,260170.0
2019-07-04,39.36,84.5,71.67,115.0,39.53,85.2,73.92,116.5,39.2,84.3,71.57,115.0,39.32,85.2,72.15,116.5,1275800.0,305720.0,340040.0,265260.0
2019-07-05,39.2,84.9,72.54,116.0,39.36,85.2,74.12,116.8,38.86,84.2,71.86,115.8,39.03,85.0,72.15,116.7,1137770.0,96600.0,222050.0,307400.0
2019-07-08,38.95,84.1,72.15,116.5,39.28,84.7,73.63,116.7,38.57,83.5,70.99,115.8,38.78,84.5,71.38,116.0,1303050.0,395430.0,226330.0,285840.0
2019-07-09,38.78,84.0,72.74,116.0,39.24,84.5,73.23,116.1,38.61,83.9,71.19,115.2,39.16,84.2,71.28,116.0,992570.0,195010.0,176430.0,187330.0
2019-07-10,39.32,84.2,71.28,117.0,39.74,84.6,73.13,117.5,39.2,83.8,70.7,116.5,39.41,84.2,70.7,116.8,1281980.0,271130.0,497130.0,377060.0
2019-07-11,39.49,84.2,70.9,117.3,39.57,84.5,72.74,117.5,39.2,82.5,70.7,115.6,39.36,82.5,70.7,116.5,854140.0,585230.0,316780.0,363380.0
2019-07-12,39.45,82.6,72.24,116.9,39.74,83.8,72.64,117.0,39.2,81.5,70.61,116.0,39.36,81.5,71.28,116.0,1241970.0,447220.0,370600.0,169920.0
2019-07-15,39.32,81.5,71.28,116.0,39.83,81.5,72.25,116.2,39.24,79.4,71.28,113.8,39.62,79.9,72.06,114.2,1176060.0,679300.0,453880.0,514900.0
2019-07-16,39.66,80.0,72.35,115.0,40.04,80.9,74.81,116.5,39.57,80.0,72.35,114.2,39.62,80.4,72.35,115.9,1160000.0,275440.0,478210.0,473360.0
2019-07-17,39.62,80.7,72.25,116.0,39.78,80.7,74.12,116.3,39.36,79.5,71.86,115.0,39.41,79.8,73.43,115.5,1292630.0,543700.0,301370.0,213640.0
2019-07-18,39.36,80.0,71.67,115.0,39.45,80.0,73.23,115.9,39.2,75.0,70.9,114.8,39.2,75.8,70.99,114.8,1035440.0,1683640.0,518320.0,454560.0
2019-07-19,39.32,76.0,71.09,114.8,40.45,77.8,73.92,116.0,39.28,75.8,70.7,114.8,40.37,77.7,71.67,116.0,2811560.0,512090.0,443090.0,476260.0
2019-07-22,40.37,77.7,71.19,116.0,40.75,79.9,74.58,116.5,40.16,77.7,70.99,115.0,40.5,79.2,74.58,116.5,1755780.0,473610.0,1246490.0,395900.0
2019-07-23,40.62,78.2,76.2,116.5,40.87,79.7,77.6,120.3,40.29,78.0,74.48,116.5,40.87,79.6,75.85,119.8,948550.0,756340.0,653120.0,1502160.0
2019-07-24,41.33,79.9,77.2,120.5,41.38,80.9,77.6,122.2,40.71,79.6,74.87,120.2,40.71,80.7,75.07,122.0,1952770.0,523110.0,571240.0,661870.0
2019-07-25,40.71,80.4,75.07,121.8,41.0,81.3,78.5,125.1,40.62,79.9,74.48,120.6,40.75,80.8,76.53,123.2,1157100.0,322150.0,831900.0,740440.0
2019-07-26,40.62,80.8,76.34,123.0,40.87,80.9,78.4,123.3,40.5,79.9,75.85,121.6,40.87,80.9,78.2,122.1,1043020.0,342240.0,460430.0,416560.0
2019-07-29,40.87,80.7,76.53,123.0,40.87,81.0,78.2,124.4,40.37,80.1,74.97,122.1,40.71,81.0,76.14,124.4,1130450.0,354020.0,403760.0,566870.0
2019-07-30,40.71,81.0,76.04,124.4,40.71,81.1,77.7,125.0,39.95,79.9,74.67,122.0,40.04,79.9,74.67,122.5,2092220.0,345050.0,505650.0,366670.0
2019-07-31,40.04,79.0,74.67,122.5,40.54,80.0,77.0,123.2,39.78,78.6,74.58,120.2,40.54,80.0,75.16,122.0,1111880.0,691960.0,297000.0,406490.0
2019-08-01,40.54,80.0,74.87,123.0,40.71,80.7,78.7,124.5,40.37,79.9,74.38,122.5,40.5,80.1,76.53,124.4,965060.0,367740.0,707670.0,365850.0
2019-08-02,40.24,79.0,75.85,122.0,41.04,80.0,80.4,123.1,40.08,79.0,75.56,121.9,40.87,79.0,80.4,122.5,1451900.0,328940.0,1206300.0,483120.0
2019-08-05,40.91,78.2,80.5,122.1,41.71,79.0,81.5,122.1,40.87,76.8,78.39,118.0,41.04,76.8,80.7,118.0,2322100.0,794840.0,790440.0,760020.0
2019-08-06,40.37,76.5,77.81,116.0,41.29,76.6,84.3,119.8,40.37,74.7,77.81,115.5,41.0,75.0,83.8,119.8,1304570.0,1021670.0,1433680.0,441590.0
2019-08-07,41.04,75.0,82.02,119.8,41.67,76.4,86.6,120.2,41.0,73.6,81.72,117.6,41.67,74.8,86.6,118.0,1246410.0,890330.0,1045730.0,345950.0
2019-08-08,41.75,73.6,87.4,118.0,42.38,74.8,87.7,122.5,41.75,72.8,82.99,118.0,42.13,74.8,82.99,122.0,2085510.0,800350.0,1177160.0,545170.0
2019-08-09,42.13,74.9,82.9,122.0,43.05,76.4,85.9,122.5,41.88,74.9,82.02,120.2,42.8,76.1,82.41,120.2,1751680.0,459400.0,855050.0,400990.0
2019-08-12,42.8,76.0,82.6,120.2,44.06,76.5,86.3,121.2,42.46,75.5,82.6,120.0,43.8,76.0,83.87,120.0,1817920.0,258890.0,818920.0,107460.0
2019-08-13,43.64,75.7,84.36,119.9,44.56,76.0,87.9,120.0,43.3,74.9,84.07,118.0,43.97,75.6,85.15,118.1,2237980.0,352420.0,992910.0,310330.0
2019-08-14,44.39,76.5,86.5,119.5,44.98,76.5,86.9,120.0,44.22,75.6,83.19,118.2,44.56,75.6,83.87,118.6,2205370.0,432980.0,758650.0,302420.0
2019-08-15,44.3,75.1,83.29,117.0,45.24,76.1,87.4,121.0,43.88,74.6,83.09,117.0,45.24,76.1,84.76,121.0,2223880.0,487060.0,883210.0,327120.0
2019-08-16,45.24,75.2,85.44,119.6,47.03,77.5,89.2,122.3,44.39,75.2,84.17,119.6,44.39,77.0,84.17,122.0,4531020.0,405510.0,1428350.0,347380.0
2019-08-19,44.47,77.0,84.27,122.5,44.98,77.5,86.9,122.5,43.7,76.8,82.21,121.5,44.73,77.1,83.09,121.9,2849780.0,291070.0,974960.0,211950.0
2019-08-20,44.81,77.0,83.19,121.9,46.09,77.0,85.5,122.5,44.81,76.0,82.11,121.0,46.09,76.2,83.97,121.0,2277750.0,258670.0,856390.0,206540.0
2019-08-21,46.18,75.6,86.4,121.0,46.52,77.3,87.2,122.5,45.58,75.6,83.68,121.0,45.75,77.0,83.78,122.4,1808020.0,398000.0,881880.0,252820.0
2019-08-22,45.75,77.0,85.6,123.0,46.35,78.0,85.6,126.5,45.16,76.5,81.72,122.7,45.24,78.0,81.72,126.1,1892640.0,398850.0,1206420.0,671970.0
2019-08-23,45.33,78.3,81.53,126.1,46.44,78.3,83.6,126.1,44.9,77.0,80.64,124.6,46.44,77.0,82.8,125.0,1868200.0,134130.0,974700.0,513250.0
2019-08-26,45.84,76.0,82.99,125.0,46.27,76.5,85.7,125.0,45.75,75.2,81.72,123.4,45.84,76.0,82.02,124.8,1756160.0,408280.0,961910.0,355930.0
2019-08-27,46.09,76.0,83.8,124.9,46.35,76.5,84.6,125.7,45.07,75.0,81.04,122.5,45.07,75.0,83.2,122.5,1566370.0,363230.0,601280.0,397260.0
2019-08-28,45.24,75.0,81.43,122.2,45.41,75.8,83.3,123.5,44.47,74.6,79.76,121.9,44.47,74.8,81.4,122.0,1537860.0,267990.0,813610.0,242730.0
2019-08-29,44.56,74.8,79.27,123.5,45.07,75.5,82.4,123.5,44.3,74.8,78.79,121.1,44.98,75.0,80.16,122.5,972940.0,194630.0,554070.0,350460.0
2019-08-30,45.24,75.0,80.16,122.5,45.58,75.8,82.5,123.9,45.16,74.9,79.76,122.0,45.33,75.4,82.2,123.5,708360.0,181410.0,345760.0,220710.0
2019-09-03,45.24,75.4,80.45,123.5,46.09,75.4,83.2,124.4,45.24,74.0,80.35,122.2,45.84,74.0,82.4,123.0,1360230.0,290930.0,358910.0,174400.0
2019-09-04,45.84,74.0,80.64,123.0,46.27,75.5,82.7,123.2,45.24,74.0,79.86,121.7,45.41,75.0,80.74,122.4,1655300.0,255700.0,435720.0,385500.0
2019-09-05,45.58,75.0,80.74,122.9,45.67,75.2,82.7,123.4,44.9,73.8,79.57,122.0,44.9,74.5,79.67,122.0,1243680.0,305580.0,333990.0,303110.0
2019-09-06,45.16,74.5,79.86,122.3,45.41,75.0,81.3,123.0,44.64,74.0,78.79,121.0,45.16,74.0,79.27,121.1,1142710.0,242520.0,551650.0,280330.0
2019-09-09,45.24,73.7,79.27,121.9,46.44,74.8,81.0,122.8,44.81,73.7,77.9,121.1,45.92,74.0,80.4,122.6,2507800.0,267130.0,702600.0,165730.0
2019-09-10,46.27,74.0,80.2,123.0,46.44,76.4,80.2,123.2,45.75,74.0,76.44,122.0,46.09,76.1,76.44,122.0,1731610.0,420710.0,753240.0,247180.0
2019-09-11,46.18,76.2,76.63,122.0,46.27,78.2,78.7,122.8,45.58,76.1,76.34,121.0,46.18,78.0,78.2,121.5,1179670.0,569250.0,404310.0,176620.0
2019-09-12,46.44,78.0,78.79,121.5,48.23,78.0,80.5,122.1,46.44,76.8,77.81,121.3,48.23,76.8,80.4,121.5,3799910.0,291870.0,416530.0,188180.0
2019-09-13,48.23,76.2,78.79,122.1,49.0,76.7,82.7,122.9,48.06,75.9,78.3,120.8,48.48,76.5,80.25,122.4,2123900.0,432610.0,917470.0,278500.0
2019-09-16,48.57,76.5,80.94,122.0,49.51,78.0,82.9,124.7,48.4,76.5,80.35,122.0,49.25,77.8,80.55,122.8,1339560.0,333720.0,420960.0,330670.0
2019-09-17,49.0,78.0,82.5,123.7,49.59,79.6,82.5,123.8,48.74,77.8,79.86,122.0,49.17,79.5,82.0,122.8,1194690.0,604250.0,401940.0,416830.0
2019-09-18,49.42,79.5,80.45,122.5,49.42,80.9,83.5,122.8,48.06,79.0,80.25,122.1,48.14,80.9,80.64,122.2,2592910.0,906280.0,614270.0,181830.0
2019-09-19,48.31,80.9,82.1,122.5,49.34,81.0,82.9,122.8,47.97,79.8,79.96,121.4,49.34,80.2,82.7,121.5,1432730.0,548790.0,402590.0,345240.0
2019-09-20,49.25,80.1,80.94,121.5,50.19,80.2,84.5,121.9,49.17,79.1,80.94,119.4,49.68,80.2,83.8,119.4,1396120.0,816210.0,921660.0,1827050.0
2019-09-23,49.51,80.2,84.2,119.5,49.76,80.9,84.7,120.4,48.23,79.9,81.43,118.9,48.23,80.0,83.5,119.0,2313090.0,485650.0,451800.0,478830.0
2019-09-24,48.14,79.9,81.72,119.0,48.66,79.9,83.5,120.4,47.63,78.4,81.13,119.0,47.97,79.0,83.0,120.1,2537600.0,561260.0,304860.0,258080.0
2019-09-25,48.06,79.0,82.2,120.1,49.0,79.2,82.7,120.3,47.89,78.6,79.96,119.0,49.0,79.0,80.35,119.7,1442410.0,257150.0,790300.0,256590.0
2019-09-26,49.25,78.8,82.0,120.0,49.51,79.0,82.1,120.0,48.83,78.3,78.3,118.8,49.25,78.5,78.98,119.0,992640.0,220020.0,1067510.0,334000.0
2019-09-27,49.17,79.0,80.7,119.0,50.19,79.9,81.7,120.3,49.0,78.7,78.98,118.8,49.94,79.4,79.37,119.8,2510520.0,570790.0,306340.0,264300.0
2019-09-30,50.62,79.4,79.37,120.0,50.79,79.5,81.3,121.2,49.25,78.5,78.3,119.6,49.25,78.5,78.69,119.8,2199170.0,562880.0,437850.0,308680.0
2019-10-01,49.25,79.0,78.69,120.5,49.94,79.1,78.69,120.9,49.17,78.1,77.81,119.7,49.94,78.8,77.81,119.9,1644130.0,246870.0,604640.0,151960.0
2019-10-02,49.94,79.0,77.81,119.9,50.02,79.0,80.9,120.5,48.83,77.0,77.81,118.0,48.83,77.0,78.88,118.0,2439020.0,700310.0,459560.0,545260.0
2019-10-03,48.31,77.0,78.88,117.2,49.0,78.0,80.9,118.0,48.14,76.4,78.1,117.1,48.83,78.0,79.18,118.0,2804850.0,390570.0,351600.0,650460.0
2019-10-04,49.08,78.0,79.08,118.0,49.08,78.5,79.37,118.7,48.4,77.1,78.59,117.7,48.48,77.4,78.59,118.0,1271210.0,165650.0,303690.0,249050.0
2019-10-07,48.48,77.4,78.59,118.0,48.83,77.7,78.59,118.1,47.37,76.5,77.32,116.5,47.37,76.5,77.32,117.0,2371810.0,357580.0,401070.0,467120.0
2019-10-08,47.37,76.8,77.32,117.2,47.97,77.5,78.1,117.3,47.12,76.6,77.32,116.4,47.89,76.9,78.0,117.1,1337220.0,258070.0,200400.0,353740.0
2019-10-09,48.06,76.9,78.2,116.9,48.66,77.2,78.2,118.3,47.63,76.6,77.42,116.7,48.14,77.0,77.42,117.0,937530.0,223030.0,256400.0,221530.0
2019-10-10,48.31,77.0,77.42,117.5,48.66,77.5,77.9,117.7,48.14,76.7,77.42,116.8,48.14,77.0,77.42,116.9,808000.0,417560.0,214760.0,273470.0
2019-10-11,48.4,77.4,77.42,117.5,48.57,77.4,78.69,118.0,48.14,76.8,77.42,116.7,48.23,77.0,78.3,118.0,794420.0,560570.0,202830.0,328950.0
2019-10-14,48.66,77.2,78.49,118.5,49.68,77.4,80.4,119.8,48.48,76.6,77.81,117.5,49.25,76.6,78.3,118.0,2231030.0,199640.0,203660.0,358150.0
2019-10-15,49.34,76.6,78.3,118.8,49.34,78.7,80.2,119.3,49.0,76.6,78.0,118.0,49.0,78.2,78.3,118.4,663910.0,411850.0,143660.0,222070.0
2019-10-16,49.34,78.5,80.0,118.5,49.51,78.5,81.7,119.0,49.0,77.8,78.0,117.7,49.08,77.8,80.16,118.0,829050.0,323340.0,631520.0,224670.0
2019-10-17,49.0,77.8,80.55,117.9,49.08,78.0,83.0,118.5,48.31,77.0,80.35,116.9,48.4,77.0,80.94,117.0,1621590.0,818380.0,697760.0,479110.0
2019-10-18,48.48,77.0,83.5,117.0,49.17,77.5,83.5,117.0,48.31,76.0,80.35,116.5,48.74,76.0,80.64,117.0,1447340.0,448610.0,458730.0,261460.0
2019-10-21,49.0,76.0,80.64,117.0,49.0,76.0,82.4,118.3,48.06,74.7,79.37,116.0,48.23,75.0,80.25,116.9,1260490.0,769240.0,442250.0,205580.0
2019-10-22,48.23,75.0,80.25,118.0,48.31,75.4,83.2,118.0,47.55,74.1,79.57,116.8,48.06,74.4,81.23,116.8,1534380.0,431650.0,756840.0,175690.0
2019-10-23,47.97,74.5,83.5,116.8,48.66,76.0,83.5,117.5,47.89,74.5,80.94,116.8,48.14,75.8,81.04,117.1,747810.0,387600.0,229770.0,130200.0
2019-10-24,48.48,76.0,81.43,117.1,49.68,76.0,83.7,117.2,48.14,75.2,81.13,116.5,49.68,75.6,81.92,117.2,2233890.0,272770.0,654270.0,396910.0
2019-10-25,49.76,75.6,82.02,117.0,49.94,75.6,84.2,117.4,49.25,74.5,81.23,116.7,49.51,74.6,81.43,117.2,1355310.0,479400.0,598730.0,293710.0
2019-10-28,49.51,74.7,81.33,117.0,50.19,75.0,83.9,118.1,49.34,74.5,81.33,116.7,49.59,74.5,81.72,117.7,1494820.0,502510.0,445380.0,268360.0
2019-10-29,49.68,74.5,81.72,117.8,49.76,74.9,83.5,117.9,49.34,74.0,80.84,117.4,49.42,74.0,80.84,117.8,953020.0,483230.0,415020.0,187020.0
2019-10-30,49.34,74.6,80.74,118.0,49.59,74.8,82.8,119.9,49.17,73.8,80.45,117.8,49.34,74.0,81.23,119.6,1102070.0,638330.0,339360.0,600930.0
2019-10-31,49.51,75.0,81.23,120.0,50.11,75.3,82.5,120.4,49.34,73.8,80.74,119.0,49.42,74.2,81.53,119.0,1263390.0,908640.0,430070.0,840720.0
2019-11-01,49.51,74.5,81.53,120.0,50.11,76.0,83.8,122.5,49.17,74.5,81.23,119.5,49.94,75.7,81.53,122.5,1732950.0,1597000.0,516040.0,749070.0
2019-11-04,50.11,76.2,81.92,122.5,51.64,77.1,83.87,122.5,50.11,76.2,81.62,120.7,51.13,76.3,83.78,121.7,5811560.0,890560.0,1385820.0,309680.0
2019-11-05,51.22,76.3,84.17,121.5,51.3,76.4,84.17,122.0,50.7,75.6,83.09,120.9,51.05,76.0,83.39,121.5,1239520.0,764730.0,519090.0,260520.0
2019-11-06,51.05,75.9,83.19,121.5,51.56,76.7,85.3,122.5,50.79,75.9,82.9,121.0,50.79,76.0,83.19,121.9,1551610.0,537760.0,303670.0,517800.0
2019-11-07,50.79,76.0,83.19,122.0,51.13,76.5,83.68,122.3,50.53,75.7,82.9,120.8,50.79,76.5,83.39,120.8,1438030.0,431590.0,446870.0,246740.0
2019-11-08,51.05,77.2,83.48,121.6,51.05,77.4,84.46,121.6,50.53,76.6,83.09,120.0,50.87,76.8,83.87,120.5,1219540.0,586260.0,658550.0,492950.0
2019-11-11,51.05,76.7,84.07,120.5,51.73,76.7,85.7,120.5,50.79,74.5,82.8,118.9,51.22,74.5,82.9,118.9,2180490.0,1140280.0,432540.0,281300.0
2019-11-12,51.22,74.6,84.4,118.9,52.33,75.2,85.3,119.9,51.22,74.5,82.5,118.6,52.07,75.0,83.48,119.4,2842650.0,399080.0,453130.0,158520.0
2019-11-13,52.24,75.2,83.58,118.9,52.33,75.2,85.9,119.4,51.64,74.3,83.29,118.4,51.64,74.3,84.17,119.0,1333940.0,645910.0,481130.0,323490.0
2019-11-14,51.64,74.4,84.27,119.0,52.07,75.3,85.05,119.8,49.08,74.4,82.6,118.8,49.76,75.2,83.19,119.3,4799390.0,477280.0,745710.0,250100.0
2019-11-15,49.76,75.2,82.99,119.2,50.19,75.2,83.87,120.8,49.25,74.5,82.99,118.8,50.02,74.5,83.48,119.6,2568040.0,275160.0,406810.0,238410.0
2019-11-18,49.85,75.0,83.19,119.8,50.19,75.0,84.7,119.8,48.74,74.4,82.6,117.9,49.08,74.4,82.6,118.1,2794920.0,222090.0,423760.0,267820.0
2019-11-19,49.17,74.5,82.9,118.0,49.76,74.9,84.5,118.2,49.08,73.9,81.33,116.8,49.76,74.0,84.5,117.1,1059770.0,542900.0,642680.0,491510.0
2019-11-20,49.68,74.0,82.9,117.2,49.68,74.5,84.5,117.2,48.31,73.6,81.72,116.0,48.48,73.6,83.4,116.0,2291760.0,283120.0,308170.0,705410.0
2019-11-21,48.48,73.0,81.23,117.0,48.74,73.8,83.7,117.0,47.72,71.5,80.74,113.8,47.8,71.5,80.74,115.3,3303950.0,843260.0,697900.0,1567980.0
2019-11-22,48.06,72.6,81.43,115.3,48.74,72.9,83.5,116.9,47.37,69.9,79.27,115.3,47.8,70.5,79.86,116.2,1625820.0,797010.0,603630.0,308940.0
2019-11-25,47.89,70.6,79.86,116.2,48.66,71.6,82.9,116.2,47.63,70.5,79.67,115.5,48.31,71.5,82.9,116.0,1087990.0,311430.0,312850.0,234180.0
2019-11-26,48.66,71.6,81.53,116.0,48.83,72.6,83.3,116.0,48.48,71.5,81.13,115.1,48.74,71.5,81.53,115.2,968690.0,561680.0,235110.0,1027110.0
2019-11-27,48.83,71.5,81.53,115.2,49.0,72.0,83.4,116.3,48.57,70.9,80.55,115.1,48.66,71.0,80.55,115.6,812280.0,213600.0,202300.0,304630.0
2019-11-28,48.57,70.6,80.55,115.1,48.57,71.0,82.2,116.0,47.63,68.6,79.27,114.3,47.8,69.5,79.37,115.7,1370820.0,608710.0,464090.0,232980.0
2019-11-29,47.8,69.5,79.37,115.7,48.48,70.4,81.5,116.1,47.63,68.9,78.3,114.5,48.14,70.0,79.47,115.7,739370.0,302310.0,263740.0,205040.0
2019-12-02,48.23,70.5,80.06,115.5,48.23,70.5,81.5,116.3,46.61,69.0,78.3,113.8,46.61,69.0,78.3,115.0,1992380.0,273550.0,339850.0,300040.0
2019-12-03,46.27,68.7,79.0,115.0,47.12,69.1,80.7,116.3,45.5,64.2,76.83,114.2,46.52,64.2,79.27,115.0,1619120.0,2271640.0,434760.0,300130.0
2019-12-04,46.52,64.1,78.88,114.2,47.37,64.2,81.6,115.5,46.09,59.9,78.88,114.2,47.29,62.5,80.64,115.5,932130.0,5523420.0,283730.0,179900.0
2019-12-05,47.37,62.5,80.45,116.0,47.63,62.5,80.74,116.1,46.78,60.5,80.16,115.5,46.86,62.0,80.25,115.8,1144000.0,1458980.0,191370.0,167250.0
2019-12-06,46.95,61.5,80.25,116.0,47.29,63.7,80.55,116.3,46.69,61.3,79.86,115.4,46.95,62.5,80.45,115.9,556160.0,1617700.0,168870.0,144740.0
2019-12-09,47.12,62.3,80.45,115.8,47.63,62.4,80.94,115.9,46.95,60.3,80.06,115.0,47.2,60.5,80.45,115.9,700960.0,1422780.0,229770.0,188330.0
2019-12-10,47.2,60.5,80.45,115.5,47.63,60.9,81.33,115.9,46.78,56.6,80.16,113.6,47.37,56.6,81.04,115.9,797100.0,2722140.0,349410.0,575810.0
2019-12-11,47.37,56.2,81.23,115.9,48.31,57.5,82.6,115.9,47.12,54.4,80.84,114.5,48.23,55.7,82.31,115.9,877960.0,2330190.0,466970.0,301370.0
2019-12-12,48.48,56.0,82.31,115.9,48.83,58.8,82.7,116.0,48.4,56.0,82.02,115.2,48.66,58.5,82.21,116.0,942410.0,1874500.0,220780.0,334050.0
2019-12-13,48.83,59.0,82.21,115.8,49.08,59.4,82.41,116.0,48.57,57.0,81.13,114.9,48.74,58.0,81.72,116.0,1681700.0,1736100.0,281100.0,295370.0
2019-12-16,48.74,57.3,81.53,116.0,48.74,57.8,83.7,116.0,48.14,56.7,80.74,114.8,48.23,56.7,81.82,115.8,968130.0,1297380.0,304590.0,377010.0
2019-12-17,47.97,56.8,82.02,115.6,48.14,56.9,82.02,115.8,47.03,55.7,80.25,114.5,47.29,56.1,80.45,115.8,2211360.0,1132900.0,302700.0,273030.0
2019-12-18,47.29,56.0,80.25,115.0,47.8,57.0,81.8,115.9,46.95,55.0,79.08,114.5,47.37,56.4,79.18,115.8,1022490.0,1110730.0,337680.0,847090.0
2019-12-19,47.37,56.0,79.27,115.0,47.97,56.4,81.7,116.0,47.29,55.5,79.18,114.0,47.63,55.6,79.76,115.8,817820.0,831960.0,257790.0,974360.0
2019-12-20,47.8,55.6,81.9,115.8,48.4,55.7,82.8,115.8,47.63,54.6,79.86,114.7,48.23,55.0,82.8,115.8,777100.0,1799670.0,201140.0,839200.0
2019-12-23,48.57,55.6,80.94,115.8,48.66,55.9,84.8,115.8,47.8,51.6,80.94,114.3,47.89,51.6,82.9,115.7,766000.0,2225100.0,1001500.0,591380.0
2019-12-24,48.06,51.7,85.0,115.6,48.23,54.7,85.0,115.6,47.89,50.2,82.31,114.3,48.14,54.5,82.7,115.5,692100.0,1401890.0,347580.0,449960.0
2019-12-25,48.14,54.8,84.7,115.3,49.42,56.2,85.7,115.5,48.14,54.5,82.5,114.3,49.08,55.7,83.68,115.5,1604350.0,1310750.0,722330.0,348350.0
2019-12-26,49.34,55.1,83.68,115.3,49.59,58.1,84.85,115.7,49.0,54.9,83.19,114.4,49.0,57.0,83.78,115.4,1124500.0,1900250.0,1160250.0,507390.0
2019-12-27,49.0,56.4,83.68,115.4,49.34,57.4,86.3,115.4,48.48,56.0,83.19,114.0,49.17,56.9,84.66,115.2,1004860.0,629490.0,473750.0,564070.0
2019-12-30,49.34,57.0,85.15,114.5,50.28,58.0,86.03,115.0,49.17,56.8,84.66,114.2,50.02,57.1,84.66,115.0,2881060.0,887370.0,741960.0,504080.0
2019-12-31,50.02,57.1,84.46,115.0,50.11,57.3,85.05,115.0,49.51,55.9,83.78,114.1,49.76,56.5,84.17,115.0,689030.0,695750.0,374050.0,614630.0
2020-01-02,49.76,56.9,84.66,114.9,50.36,57.4,85.73,115.0,49.51,56.3,84.17,114.0,50.02,57.0,85.54,115.0,896720.0,518870.0,651790.0,440280.0
2020-01-03,50.28,57.2,86.03,115.0,50.45,57.7,87.7,115.3,49.0,56.8,84.27,114.3,49.17,57.5,84.95,115.3,2047880.0,777690.0,659870.0,248940.0
2020-01-06,48.74,57.5,84.85,115.0,49.17,57.5,85.93,115.0,48.48,56.6,83.97,114.4,48.66,56.6,83.97,114.5,1091660.0,582020.0,692370.0,301910.0
2020-01-07,48.91,56.8,84.17,114.5,49.59,57.3,85.15,115.0,48.66,56.7,83.19,114.3,49.59,56.8,85.05,114.7,837240.0,319680.0,576310.0,183910.0
2020-01-08,49.08,56.2,85.15,114.5,49.25,56.5,86.9,114.7,48.48,55.6,82.31,113.6,48.48,56.0,83.29,114.3,1814290.0,737690.0,948880.0,468910.0
2020-01-09,48.91,56.6,86.1,114.3,49.25,57.2,87.1,115.1,48.74,56.5,83.78,114.2,49.17,57.0,86.2,114.7,967050.0,505680.0,563340.0,273870.0
2020-01-10,49.08,57.0,86.5,115.0,49.34,57.7,88.7,115.0,48.74,56.5,84.76,114.7,49.08,56.5,86.61,114.8,1018650.0,524930.0,1665860.0,159120.0
2020-01-13,49.0,56.6,86.52,114.7,49.17,57.1,89.4,115.1,48.66,56.4,86.22,114.5,48.74,57.0,87.1,114.9,786760.0,413810.0,711990.0,146680.0
2020-01-14,48.74,57.0,88.9,115.1,49.0,57.3,89.0,115.1,48.66,56.6,86.52,114.3,48.66,56.6,87.01,115.0,721680.0,349410.0,435560.0,101150.0
2020-01-15,48.66,57.0,86.71,115.0,48.74,57.0,90.6,115.0,48.48,56.0,86.61,114.3,48.66,56.5,90.0,115.0,940870.0,373290.0,1175740.0,205600.0
2020-01-16,48.66,56.5,88.28,115.0,49.68,56.9,90.6,115.1,48.66,56.2,87.69,114.3,49.51,56.2,87.99,115.0,1942970.0,290210.0,629290.0,186740.0
2020-01-17,49.51,56.1,88.08,115.0,49.59,56.4,90.9,115.1,48.66,55.0,87.79,114.4,49.17,55.0,88.77,114.9,1388810.0,496940.0,738240.0,169100.0
2020-01-20,49.08,55.0,89.06,114.9,49.51,55.1,92.3,114.9,48.83,53.0,89.06,114.3,49.0,54.3,90.04,114.9,1227100.0,541490.0,818960.0,370670.0
2020-01-21,49.34,54.3,90.43,114.3,49.51,54.9,92.1,115.0,47.37,54.1,89.16,114.3,47.37,54.5,91.0,114.9,4351820.0,369330.0,622420.0,181510.0
2020-01-22,46.95,54.2,89.06,114.9,48.23,54.6,91.8,114.9,46.69,53.3,88.47,114.2,48.23,53.4,91.3,114.9,3165650.0,540210.0,702790.0,371780.0
2020-01-30,47.2,52.0,90.6,114.1,47.63,52.6,90.8,114.9,46.01,50.0,84.95,112.1,46.69,50.1,85.83,114.9,2638460.0,1591110.0,1298290.0,682720.0
2020-01-31,46.09,50.1,85.15,114.9,46.86,51.7,88.3,114.9,44.39,50.0,82.21,113.6,44.39,50.1,84.3,114.8,4118150.0,791350.0,2087700.0,831740.0
2020-02-03,42.34,46.7,80.0,113.8,44.81,50.0,84.0,114.8,41.83,46.6,78.0,112.3,43.96,50.0,81.04,114.8,3602970.0,1290570.0,1433110.0,760420.0
2020-02-04,44.64,50.1,83.2,113.6,44.73,51.0,84.3,114.8,43.53,49.5,80.74,111.8,44.22,50.0,82.21,114.8,1651440.0,744900.0,812530.0,1485500.0
2020-02-05,44.64,50.5,82.5,114.8,45.07,50.5,84.8,114.8,44.39,49.2,80.84,113.0,44.39,50.0,82.7,114.5,1648620.0,750710.0,648860.0,468420.0
2020-02-06,44.81,49.95,82.7,114.5,45.75,49.95,84.0,114.7,44.22,47.5,80.84,112.8,45.75,49.9,82.11,114.4,1708550.0,2389970.0,586840.0,676290.0
2020-02-07,45.41,49.8,82.21,114.0,45.67,49.9,83.9,114.4,45.07,48.8,80.55,112.0,45.5,49.9,80.84,114.4,1218660.0,932290.0,753340.0,1295520.0
2020-02-10,44.73,49.9,80.25,113.0,45.24,49.9,80.64,114.1,44.47,48.8,79.27,113.0,44.9,49.9,79.76,113.7,738090.0,600280.0,555450.0,192700.0
2020-02-11,45.16,49.2,80.25,113.5,45.84,51.7,82.0,114.2,44.98,49.2,79.76,113.0,45.75,49.9,79.76,113.4,1085380.0,2081860.0,405250.0,290630.0
2020-02-12,45.92,50.0,80.45,113.4,46.69,50.7,83.9,113.4,45.84,50.0,79.96,112.0,46.18,50.5,80.74,112.0,1104870.0,804720.0,622610.0,452790.0
2020-02-13,46.18,50.7,80.74,111.5,46.44,50.9,81.23,112.7,45.84,50.1,80.16,111.4,46.35,50.2,80.74,112.4,1030570.0,547970.0,384700.0,285340.0
2020-02-14,46.18,50.2,80.74,112.3,46.52,50.2,81.04,112.6,46.09,49.45,80.45,110.0,46.52,49.8,80.94,110.0,884240.0,1120310.0,297190.0,252390.0
2020-02-17,46.61,49.75,80.74,110.0,46.61,49.75,81.23,110.0,46.09,48.95,80.45,105.0,46.27,49.7,80.64,108.0,726390.0,1492320.0,343220.0,742220.0
2020-02-18,46.44,49.3,80.84,107.0,47.8,49.7,84.2,107.0,46.35,49.2,80.64,104.0,47.8,49.7,81.92,104.5,1760940.0,591220.0,659890.0,791870.0
2020-02-19,47.72,49.6,81.92,103.5,47.97,51.7,85.2,107.0,47.37,49.6,81.92,103.5,47.55,50.4,83.68,105.0,681250.0,1818680.0,692450.0,875320.0
2020-02-20,47.89,50.9,84.56,105.0,48.14,51.4,86.3,110.0,47.37,50.4,82.9,105.0,47.63,51.1,83.48,110.0,780810.0,1365480.0,439930.0,353570.0
2020-02-21,47.72,51.5,83.39,108.6,47.72,54.0,83.68,110.0,46.69,51.5,81.72,107.8,46.69,53.0,82.02,109.9,1458040.0,2061050.0,682030.0,309060.0
2020-02-24,45.33,51.6,80.35,107.1,46.01,52.5,80.94,108.0,44.81,51.0,79.47,105.5,44.81,51.1,79.47,107.3,2261990.0,1429040.0,1114770.0,1428650.0
2020-02-25,44.47,50.5,79.27,106.7,46.09,51.3,81.23,107.3,44.39,49.8,79.27,105.9,46.09,50.6,81.23,107.0,1407720.0,896710.0,775410.0,543820.0
2020-02-26,45.58,49.8,80.25,104.0,47.12,50.3,82.02,106.6,45.24,49.0,80.06,104.0,46.95,49.75,81.23,105.9,3221270.0,1252450.0,602240.0,625410.0
2020-02-27,46.95,49.2,81.23,105.8,48.23,49.8,83.4,106.0,46.61,48.8,81.04,104.1,47.8,49.7,81.72,105.6,2927040.0,1642080.0,355500.0,740420.0
2020-02-28,46.95,49.7,80.25,105.0,47.55,49.7,80.74,105.4,46.61,47.7,79.86,103.0,47.03,49.0,79.96,105.4,2132200.0,2255610.0,455890.0,870840.0
2020-03-02,47.03,48.35,81.7,104.0,47.97,49.0,82.3,105.4,46.78,47.85,79.67,102.7,47.55,49.0,81.6,105.4,1787060.0,1588150.0,450120.0,742130.0
2020-03-03,47.97,49.2,82.6,105.1,48.57,49.8,82.6,105.6,47.55,48.5,79.86,104.5,47.72,49.0,80.25,105.5,1193800.0,1225730.0,390160.0,557950.0
2020-03-04,47.37,48.9,80.06,104.6,47.37,49.35,80.45,105.5,46.86,48.65,79.86,103.5,47.37,49.0,80.45,105.5,1660790.0,909830.0,263230.0,443810.0
2020-03-05,47.37,49.45,80.84,105.1,47.72,52.0,82.7,105.9,46.61,49.15,79.96,103.8,46.61,50.9,79.96,105.6,1296450.0,1780900.0,318450.0,352300.0
2020-03-06,46.27,50.8,81.5,105.0,46.35,54.4,81.6,105.0,45.67,50.1,78.49,103.1,46.09,54.4,78.98,105.0,1305030.0,2794380.0,582160.0,750830.0
2020-03-09,43.7,53.0,73.6,101.5,44.39,56.8,78.0,102.0,42.94,51.0,73.5,97.7,42.94,52.0,73.5,97.7,4735140.0,4205130.0,1114330.0,966890.0
2020-03-10,43.53,52.9,69.49,93.0,44.39,53.8,75.3,99.2,42.94,52.0,69.49,91.2,44.13,52.4,72.13,97.7,2030340.0,2386840.0,653470.0,825490.0
2020-03-11,44.39,53.3,72.91,98.0,44.81,53.3,74.5,98.0,42.25,49.2,67.14,91.1,43.36,49.95,67.14,97.0,2753310.0,2637580.0,1210390.0,1049580.0
2020-03-12,41.48,47.2,62.44,91.0,42.08,49.95,63.8,91.8,40.38,46.5,62.44,90.3,41.06,49.95,62.44,91.8,3981670.0,4072710.0,516330.0,1896270.0
2020-03-13,38.67,46.5,58.13,86.0,42.68,49.95,61.36,92.5,38.58,46.5,58.13,85.4,41.1,49.85,60.29,92.5,2919140.0,3783330.0,1549920.0,1226880.0
2020-03-16,41.1,49.0,59.21,92.0,42.42,49.8,59.21,92.5,40.55,47.5,56.08,86.6,40.63,49.5,56.08,92.5,1898960.0,3216820.0,903300.0,971340.0
2020-03-17,40.12,48.0,52.16,89.5,41.4,49.5,55.79,92.3,39.69,47.7,52.16,87.6,41.4,49.5,55.79,88.5,2474650.0,3877150.0,1240480.0,681330.0
2020-03-18,41.83,49.5,55.79,87.9,41.91,49.7,57.25,90.0,41.27,48.8,55.79,86.5,41.31,49.4,56.18,89.0,1642800.0,2170340.0,777380.0,785390.0
2020-03-19,40.63,48.5,55.2,86.9,41.06,49.2,55.3,88.7,40.63,48.05,52.85,83.1,40.72,49.2,53.24,88.7,1296590.0,3350310.0,467220.0,1103680.0
2020-03-20,41.14,49.0,52.85,88.7,41.19,49.2,53.93,88.7,40.42,47.8,52.26,82.5,40.72,49.2,53.83,82.5,1291360.0,4120820.0,808070.0,1083480.0
2020-03-23,39.35,48.1,51.87,78.0,39.82,49.2,51.87,78.3,37.9,46.4,50.11,76.8,37.9,49.2,50.11,76.8,2826690.0,5025020.0,931290.0,678160.0
2020-03-24,38.41,48.5,51.5,71.8,38.41,49.1,52.5,75.0,37.13,48.3,49.23,71.5,37.99,49.1,50.31,71.5,2191500.0,3558350.0,824750.0,1474050.0
2020-03-25,39.27,49.0,52.75,71.5,39.61,49.7,54.9,76.5,38.54,48.5,51.87,68.0,39.27,49.1,53.73,76.5,2131790.0,2857290.0,1192820.0,1401570.0
2020-03-26,38.84,49.0,53.83,77.6,39.14,49.2,55.2,81.8,37.73,48.55,52.65,75.6,37.73,49.0,52.65,81.8,2358310.0,2763490.0,1095970.0,1242250.0
2020-03-27,37.9,48.7,52.95,82.0,37.9,51.0,53.34,87.4,36.62,48.5,50.01,79.5,36.79,49.3,50.79,86.8,2633750.0,2587920.0,936120.0,1149310.0
2020-03-30,34.57,48.5,47.27,80.8,35.08,49.1,48.94,82.0,34.23,48.4,47.27,80.8,34.49,49.1,47.27,81.4,2157690.0,1378940.0,1030090.0,881240.0
2020-03-31,35.51,49.1,47.47,81.4,36.19,49.9,48.74,87.0,34.23,48.2,44.04,80.4,35.08,49.0,45.9,83.4,1663050.0,3658870.0,595870.0,1296450.0
2020-04-01,34.83,48.8,45.1,82.5,36.88,50.0,49.1,87.0,34.83,48.8,45.1,81.0,36.11,49.2,48.6,86.0,1453030.0,1725880.0,545620.0,437820.0
2020-04-03,36.7,49.6,49.5,86.0,38.11,52.3,52.0,91.0,36.45,49.5,49.2,86.0,38.07,52.3,51.9,91.0,2072000.0,1841480.0,873070.0,1184500.0
2020-04-06,39.27,53.3,54.6,92.0,40.55,55.9,55.5,97.3,38.84,53.1,53.1,91.3,40.55,55.9,55.5,97.3,2718990.0,2556830.0,1275440.0,2698260.0
2020-04-07,40.55,56.8,56.0,97.6,40.72,58.4,57.2,100.5,39.69,55.1,55.0,93.0,40.38,57.5,57.0,97.3,2463810.0,2099700.0,1214990.0,2855700.0
2020-04-08,39.35,56.1,54.3,97.0,40.16,58.9,56.5,97.0,39.05,55.5,54.3,94.0,39.99,58.9,56.2,94.0,1576670.0,1338040.0,833930.0,760120.0
2020-04-09,40.12,58.9,56.2,94.2,40.63,59.7,59.9,97.3,39.69,58.1,56.2,93.8,39.99,59.4,58.0,96.0,2142370.0,2047890.0,1080630.0,1560610.0
2020-04-10,39.78,59.0,58.0,96.0,40.12,62.5,58.8,96.8,39.18,58.3,56.1,93.7,39.61,60.2,57.6,95.0,1882020.0,1914340.0,847960.0,983120.0
2020-04-13,39.61,60.2,57.6,95.8,40.12,61.4,59.4,96.0,39.35,58.1,56.7,94.9,39.69,58.1,57.6,96.0,1255360.0,2106950.0,820650.0,1411550.0
2020-04-14,40.63,58.0,58.4,96.5,42.25,61.0,58.4,96.5,40.12,57.2,56.5,94.5,42.25,61.0,57.5,95.6,4072050.0,1449880.0,740380.0,631630.0
2020-04-15,43.11,61.0,57.8,95.6,43.36,62.3,59.4,96.0,42.55,60.7,57.8,94.9,42.77,60.9,59.2,96.0,2205200.0,1106350.0,797850.0,1176850.0
2020-04-16,42.42,59.6,58.8,96.0,43.36,61.2,59.5,96.0,42.08,59.6,57.5,94.7,42.94,60.8,59.0,95.9,1508480.0,981480.0,621760.0,845580.0
2020-04-17,43.7,61.0,59.8,95.3,43.79,61.4,60.5,96.1,42.85,60.5,59.4,89.2,43.7,60.6,59.7,96.1,2631630.0,1417150.0,1193570.0,1191510.0
2020-04-20,44.3,60.6,61.0,96.1,44.39,61.0,61.2,96.4,43.28,59.4,59.5,94.9,43.79,59.4,60.2,96.2,2239780.0,1843690.0,1223870.0,1055020.0
2020-04-21,43.11,58.1,59.5,95.5,43.45,58.8,60.2,95.5,41.74,56.1,56.9,92.5,42.08,56.6,57.9,93.0,3737050.0,1855040.0,1314890.0,892270.0
2020-04-22,41.66,55.5,56.2,92.0,43.7,58.6,58.9,92.8,41.57,55.5,56.2,90.5,43.62,58.2,58.8,92.5,2445860.0,1062970.0,873320.0,884070.0
2020-04-23,44.47,59.5,60.5,93.0,44.56,59.8,60.6,94.9,43.53,58.2,59.0,92.7,43.53,58.2,59.4,93.0,1363410.0,842920.0,634070.0,347420.0
2020-04-24,43.45,57.8,59.6,93.0,43.7,59.5,59.7,93.9,42.77,57.2,59.1,92.4,43.53,59.5,59.5,93.0,1411380.0,1218690.0,434140.0,300240.0
2020-04-27,43.96,60.0,60.0,95.0,43.96,60.4,60.2,95.0,43.11,58.5,58.0,92.0,43.28,58.5,58.0,92.0,1419750.0,1122520.0,932470.0,453720.0
2020-04-28,43.28,58.5,58.0,92.5,43.36,60.3,58.4,92.9,42.85,58.0,57.0,91.5,43.28,59.7,57.2,92.0,974310.0,1095230.0,716420.0,222920.0
2020-04-29,43.36,59.7,57.2,92.4,43.88,59.9,57.4,93.4,43.11,58.8,56.7,90.5,43.36,58.8,56.9,91.9,1349230.0,830530.0,890670.0,314400.0
2020-05-04,42.85,57.2,56.8,91.9,43.45,58.7,58.0,92.5,42.68,57.2,56.2,90.0,43.11,57.3,56.5,91.8,895530.0,1148810.0,274490.0,259550.0
2020-05-05,43.36,57.2,56.8,91.8,43.53,57.5,57.1,93.0,43.02,56.4,55.7,91.8,43.45,56.4,56.0,92.7,677990.0,1098980.0,786060.0,274700.0
2020-05-06,43.53,57.0,56.0,92.6,45.33,58.0,56.8,95.0,43.53,55.7,56.0,92.5,45.16,58.0,56.5,95.0,3470150.0,1019980.0,932630.0,773570.0
2020-05-07,45.24,58.8,57.0,95.0,45.67,59.0,57.6,96.0,44.73,58.0,56.8,94.0,45.67,58.8,57.5,96.0,2030720.0,780600.0,823310.0,617800.0
2020-05-08,45.75,58.9,58.0,96.4,47.03,62.4,59.5,100.0,45.75,58.9,57.9,96.1,45.84,61.0,58.2,97.5,3585320.0,3319850.0,1518960.0,1683960.0
2020-05-11,46.09,61.5,58.8,98.0,46.44,63.1,59.9,98.0,45.5,60.6,58.3,95.9,46.09,63.1,59.7,97.5,2119430.0,1838950.0,1231840.0,1358920.0
2020-05-12,46.09,63.0,59.7,97.4,46.44,63.2,63.8,97.4,45.75,61.8,58.7,95.0,46.44,62.0,63.8,97.0,2828190.0,1028270.0,2362950.0,770030.0
2020-05-13,47.5,61.3,64.0,95.1,49.55,62.5,65.5,96.0,47.4,60.5,62.0,91.5,49.35,61.9,64.9,95.0,6853810.0,1598740.0,1460490.0,2652530.0
2020-05-14,48.95,61.5,63.8,95.0,49.1,65.2,64.9,96.7,48.5,61.0,63.4,93.9,48.7,63.9,63.6,96.0,2597400.0,2573510.0,1021220.0,1002810.0
2020-05-15,48.3,64.5,63.8,96.0,48.9,64.9,63.9,97.5,47.75,62.1,61.5,95.8,48.0,62.1,62.0,97.0,2430890.0,1305890.0,1381060.0,327650.0
2020-05-18,47.5,62.1,61.8,97.0,48.35,62.8,64.0,97.0,47.4,61.4,61.6,95.5,48.35,62.5,63.5,96.5,2000950.0,840070.0,785810.0,229440.0
2020-05-19,49.2,63.3,64.3,97.1,49.6,64.4,65.3,97.4,48.6,62.5,63.5,96.0,49.25,63.0,64.3,96.5,2879030.0,1923440.0,1052410.0,729850.0
2020-05-20,49.0,62.5,63.6,96.4,49.0,63.9,64.4,97.0,48.55,62.5,63.4,96.1,48.9,63.8,64.0,96.6,1245380.0,998400.0,691470.0,254730.0
2020-05-21,48.9,63.8,63.6,97.0,49.3,64.0,64.0,98.0,48.85,62.8,63.0,96.9,49.3,63.8,64.0,98.0,2007060.0,1513470.0,1380800.0,674380.0
2020-05-22,49.0,63.5,63.6,98.0,49.0,63.7,63.7,98.0,48.45,62.0,62.8,96.4,48.45,62.0,63.2,96.4,1731720.0,1310850.0,801200.0,292930.0
2020-05-25,48.45,62.2,63.5,96.2,48.6,62.6,64.3,97.1,47.8,61.5,63.5,96.0,48.45,61.8,64.0,97.1,2033000.0,1354620.0,709350.0,216400.0
2020-05-26,48.5,62.0,64.4,97.0,48.8,62.8,64.8,97.5,48.35,61.9,63.9,96.4,48.8,62.5,64.2,96.9,1615680.0,1053240.0,1048050.0,360000.0
2020-05-27,48.9,63.2,64.5,96.9,49.4,64.6,65.0,97.9,48.0,62.5,63.0,96.5,48.0,62.5,63.0,96.9,2098580.0,2189080.0,1268400.0,591440.0
2020-05-28,48.2,63.4,62.5,96.9,48.6,63.4,63.1,97.5,48.0,62.4,62.2,96.3,48.0,62.8,62.7,97.0,1194380.0,797480.0,796350.0,314790.0
2020-05-29,48.0,62.8,62.5,97.0,48.1,62.9,64.0,97.5,47.5,62.2,62.1,96.6,47.95,62.7,63.1,97.0,1346170.0,698100.0,764030.0,493500.0
2020-06-01,48.0,62.7,63.4,97.0,48.35,63.7,64.3,97.2,48.0,62.7,63.3,96.5,48.3,63.1,63.9,97.2,1298150.0,1076880.0,704970.0,481490.0
2020-06-02,48.3,63.6,64.0,97.2,48.4,65.8,64.0,97.2,48.0,63.4,63.2,96.5,48.0,63.9,63.2,96.7,1456730.0,4190080.0,570230.0,501700.0
2020-06-03,48.0,64.5,63.3,96.5,48.95,64.5,63.8,96.8,47.9,63.6,63.1,95.5,48.65,64.0,63.4,96.8,1893060.0,749700.0,454850.0,466430.0
2020-06-04,48.9,64.6,63.8,96.8,48.9,64.6,64.0,96.8,48.4,63.3,63.4,96.0,48.4,63.5,63.7,96.0,1260060.0,1528010.0,790280.0,550740.0
2020-06-05,48.4,63.0,63.6,96.0,48.7,63.3,63.7,96.2,48.15,62.5,63.4,95.0,48.7,63.0,63.7,95.0,1236200.0,1826680.0,540200.0,525870.0
2020-06-08,49.0,63.4,64.1,95.2,50.0,64.4,66.2,97.6,49.0,62.8,64.1,95.2,49.35,63.4,66.1,96.0,4113250.0,1758860.0,2208530.0,482180.0
2020-06-09,49.6,63.5,66.6,97.0,49.6,64.2,66.6,97.0,48.9,62.7,64.9,96.1,48.95,63.0,65.5,96.2,1491540.0,1614250.0,741240.0,318400.0
2020-06-10,49.0,62.9,65.5,96.2,49.0,63.0,65.6,96.2,48.45,62.5,64.0,95.4,48.8,62.9,65.0,95.6,1307540.0,1210600.0,808850.0,488490.0
2020-06-11,48.8,63.3,64.6,95.6,48.8,64.1,65.0,96.2,46.0,58.5,60.5,93.0,46.0,58.5,60.5,93.0,4278060.0,2635700.0,2000670.0,761540.0
2020-06-12,45.0,57.0,57.0,90.0,47.0,58.7,60.0,92.5,45.0,57.0,57.0,89.9,47.0,58.5,59.5,91.8,3145450.0,3042060.0,1285680.0,875940.0
2020-06-15,48.0,58.5,59.6,92.8,48.0,58.9,59.8,92.8,45.9,55.3,57.0,89.0,46.0,56.4,57.2,89.0,1207500.0,2603230.0,832010.0,791710.0
2020-06-16,46.6,57.4,58.8,91.5,46.8,57.8,58.8,94.8,46.3,56.5,57.5,89.9,46.6,57.6,58.8,93.4,1100730.0,1492420.0,561700.0,658480.0
2020-06-17,46.7,58.0,58.8,93.0,46.75,58.2,59.0,93.4,46.25,56.9,58.1,90.5,46.35,57.5,58.3,91.9,788630.0,1155980.0,297630.0,380880.0
2020-06-18,46.3,57.0,58.0,91.9,46.7,57.4,58.2,92.5,46.15,55.9,57.4,90.9,46.6,57.0,58.2,91.0,822980.0,928290.0,300710.0,312850.0
2020-06-19,46.6,57.6,58.1,91.0,47.0,57.7,59.2,92.3,46.6,57.0,58.1,91.0,46.95,57.5,59.2,91.4,677340.0,861070.0,372600.0,142460.0
2020-06-22,47.0,57.5,59.4,97.0,47.0,58.5,59.6,97.0,46.85,57.5,58.8,95.2,47.0,58.3,59.1,96.9,787180.0,1621780.0,450920.0,508020.0
2020-06-23,46.95,58.0,59.5,96.2,48.4,59.5,60.5,96.3,46.75,58.0,59.1,94.2,47.55,58.4,59.8,94.2,1693730.0,1453290.0,693580.0,432630.0
2020-06-24,47.9,58.4,61.0,94.5,47.95,58.8,61.0,95.1,47.05,57.0,59.6,94.0,47.2,57.2,60.4,94.7,607000.0,935890.0,378710.0,214320.0
2020-06-25,46.65,56.8,59.0,93.3,47.1,57.0,60.0,94.4,46.6,56.2,59.0,92.8,46.8,56.7,59.6,93.4,730810.0,1540010.0,322620.0,169470.0
2020-06-26,46.8,56.7,60.4,93.5,47.15,57.9,60.4,94.4,46.7,56.4,59.0,91.5,46.85,56.4,59.6,91.5,602880.0,574970.0,275900.0,222240.0
2020-06-29,46.6,56.4,59.0,91.5,46.6,56.4,59.0,91.9,45.85,53.9,57.0,89.0,46.05,55.1,57.5,89.0,1281220.0,1720440.0,611900.0,359370.0
2020-06-30,46.15,55.2,57.6,91.0,46.4,56.1,58.3,91.0,45.4,54.0,56.4,89.0,45.65,54.1,57.4,89.0,1594210.0,1378930.0,372480.0,350550.0
2020-07-01,46.0,54.4,57.4,90.5,46.3,56.1,59.2,91.5,45.8,54.0,57.4,89.0,46.2,55.5,58.6,91.0,866660.0,965870.0,249490.0,92060.0
2020-07-02,46.3,56.0,58.5,90.6,46.3,57.6,59.0,91.0,45.95,55.5,58.0,89.5,46.15,57.2,58.7,89.9,539160.0,1094380.0,209080.0,420700.0
2020-07-03,46.5,57.2,58.7,90.9,46.5,57.9,58.9,91.0,46.1,56.7,58.6,89.9,46.25,57.2,58.6,90.2,529760.0,699930.0,249650.0,163320.0
2020-07-06,46.5,57.2,59.1,90.3,46.95,58.0,59.8,91.9,46.3,57.1,58.8,90.2,46.8,57.6,59.5,91.4,1089910.0,855780.0,408770.0,284020.0
2020-07-07,47.0,57.9,60.0,91.5,47.9,58.4,60.0,92.2,47.0,57.0,59.4,91.0,47.45,57.0,59.4,91.0,2739150.0,959250.0,375160.0,336860.0
2020-07-08,47.3,57.0,59.4,90.8,47.9,57.5,59.5,91.5,47.3,57.0,59.0,90.1,47.7,57.0,59.2,90.8,1472610.0,467170.0,278600.0,187450.0
2020-07-09,47.9,57.2,59.6,90.8,48.4,57.7,60.7,91.8,47.8,56.9,59.3,90.7,48.35,57.4,60.6,91.0,2298900.0,1097650.0,786280.0,399710.0
2020-07-10,48.1,57.4,60.1,91.0,48.2,57.6,60.5,92.0,47.5,56.0,59.6,91.0,47.8,56.9,59.9,91.4,1164310.0,564900.0,305070.0,193330.0
2020-07-13,48.0,57.0,60.0,91.5,48.95,57.5,60.4,91.6,47.75,56.5,59.3,91.0,48.65,56.6,59.3,91.3,2662490.0,557920.0,288510.0,349810.0
2020-07-14,48.35,56.4,59.1,91.3,48.85,56.6,59.4,91.8,48.3,55.7,58.6,90.2,48.55,56.0,59.3,91.3,1549540.0,929240.0,325390.0,340990.0
2020-07-15,48.75,56.5,59.9,91.7,48.95,56.7,60.4,91.7,48.4,55.7,59.7,90.5,48.6,55.7,60.2,90.5,1516540.0,1250200.0,490010.0,384240.0
2020-07-16,48.55,56.0,60.5,90.9,48.75,57.0,60.5,93.0,48.4,55.5,59.7,90.6,48.6,57.0,60.5,93.0,1060530.0,978700.0,339840.0,328050.0
2020-07-17,48.5,56.7,60.3,91.5,48.5,56.8,60.4,92.0,48.1,56.0,60.0,91.0,48.1,56.2,60.4,91.5,1313100.0,759610.0,308760.0,214530.0
2020-07-20,48.1,56.0,60.3,91.0,48.2,56.0,60.4,91.4,47.35,55.0,59.4,90.2,47.4,55.0,59.4,90.2,2049680.0,944440.0,353660.0,222400.0
2020-07-21,47.5,55.3,59.8,91.2,47.95,55.6,59.8,91.2,47.25,54.3,59.0,90.2,47.8,54.7,59.4,90.2,940230.0,1670960.0,212580.0,220660.0
2020-07-22,48.0,54.7,59.4,90.0,48.0,55.2,59.4,91.0,47.3,54.2,58.5,89.8,47.4,54.2,58.6,89.8,817890.0,833760.0,456500.0,202110.0
2020-07-23,47.4,54.2,58.6,90.0,47.75,54.6,59.5,90.3,47.1,53.6,58.6,89.5,47.75,53.9,59.0,90.0,918630.0,762030.0,327350.0,181680.0
2020-07-24,47.4,53.7,58.9,89.9,47.55,53.9,58.9,90.0,45.5,51.0,55.0,85.1,45.9,52.0,56.0,88.0,3170540.0,2045780.0,921350.0,674430.0
2020-07-27,45.0,48.9,52.5,83.9,45.9,51.5,54.0,86.0,43.6,48.9,52.1,82.9,43.7,49.5,52.1,85.0,3274350.0,2819250.0,970710.0,825080.0
2020-07-28,44.4,50.0,52.1,85.0,45.8,51.0,54.1,87.0,44.15,49.5,52.0,80.0,45.7,50.5,54.0,85.2,1953510.0,1318770.0,779540.0,534300.0
2020-07-29,44.4,49.5,52.5,84.0,44.9,50.0,52.5,85.0,43.8,49.0,50.3,83.0,44.55,49.35,51.5,83.5,1554200.0,1352670.0,1011340.0,379370.0
2020-07-30,44.6,49.9,51.4,83.5,45.15,50.1,52.1,85.5,44.6,49.5,51.3,83.5,45.15,49.8,51.5,85.1,612240.0,821650.0,338980.0,242030.0
2020-07-31,44.0,49.2,50.0,84.0,45.2,51.4,51.7,90.0,44.0,49.2,49.8,83.8,44.5,50.5,51.6,87.5,1106250.0,2195060.0,440450.0,939040.0
2020-08-03,44.6,50.7,52.5,87.0,45.9,52.7,53.0,88.1,44.6,50.7,51.6,85.0,45.9,52.6,52.8,87.6,1392200.0,1395440.0,579260.0,164310.0
2020-08-04,46.5,53.2,53.5,88.7,46.8,54.3,54.0,88.7,46.2,53.2,53.2,87.4,46.55,54.0,53.5,88.0,1051310.0,1681090.0,381250.0,229230.0
2020-08-05,46.55,52.87,53.09,88.0,47.15,54.35,54.58,88.5,46.3,52.57,52.7,84.8,47.0,54.35,54.48,87.0,1328520.0,1810780.0,418820.0,434490.0
2020-08-06,47.0,53.86,54.98,88.0,47.25,54.25,55.97,88.2,46.7,53.17,54.38,87.1,46.8,53.26,55.18,87.5,1153660.0,1178020.0,605910.0,332340.0
2020-08-07,46.8,53.36,55.18,87.6,47.8,54.15,55.97,88.2,46.8,53.17,54.68,87.3,47.1,53.46,54.78,87.5,1283690.0,959230.0,399080.0,182500.0
2020-08-10,47.35,53.56,55.48,88.0,47.8,54.25,55.57,89.9,47.1,53.56,54.78,87.4,47.2,53.86,54.88,88.2,1160370.0,953690.0,348770.0,542550.0
2020-08-11,47.45,54.15,55.08,89.2,47.45,54.15,55.08,89.2,47.0,53.46,54.19,87.5,47.0,53.96,54.68,87.5,1209690.0,658760.0,390200.0,215330.0
2020-08-12,47.1,53.66,54.28,87.5,47.5,54.15,54.58,88.5,46.9,53.26,53.89,87.4,47.5,53.56,54.19,87.4,1233230.0,981320.0,431140.0,302330.0
2020-08-13,47.7,53.56,54.48,88.0,47.95,53.96,55.57,89.0,47.5,53.36,54.38,87.5,47.95,53.76,55.57,88.0,1709100.0,953060.0,566750.0,458680.0
2020-08-14,48.1,53.76,55.38,88.0,48.2,53.86,56.86,89.0,47.45,52.37,55.38,87.4,47.8,52.77,56.07,87.4,1633770.0,1796510.0,581400.0,654070.0
2020-08-17,46.9,52.77,56.07,87.0,47.0,52.87,56.07,88.5,46.5,51.68,54.98,86.8,47.0,52.37,55.48,87.7,1048820.0,1099660.0,303530.0,376200.0
2020-08-18,47.15,52.37,55.48,87.3,47.15,52.37,55.67,87.7,46.8,51.68,54.58,86.2,46.85,51.78,54.88,86.5,625200.0,771290.0,418780.0,772670.0
2020-08-19,46.9,51.78,54.68,86.5,47.05,52.28,55.57,87.6,46.65,51.49,54.68,86.5,46.85,52.08,55.18,86.5,877190.0,867050.0,663300.0,347140.0
2020-08-20,46.9,52.08,55.28,86.6,47.45,52.18,55.77,87.2,46.85,51.39,54.58,86.0,47.05,51.39,55.18,86.0,1824430.0,1419940.0,668690.0,990220.0
2020-08-21,47.25,51.39,55.57,86.0,47.5,52.28,56.07,86.9,47.2,51.39,55.38,85.9,47.4,51.98,55.87,86.1,1260210.0,968870.0,842610.0,376790.0
2020-08-24,47.95,52.18,57.56,86.5,48.6,53.36,58.35,89.0,47.85,52.18,56.96,86.5,48.45,52.97,58.15,89.0,3540210.0,1713810.0,1374000.0,1052840.0
2020-08-25,48.6,53.17,58.55,89.0,48.9,53.76,59.25,91.9,48.55,52.97,58.35,89.0,48.85,52.97,59.25,91.0,3304670.0,1698780.0,1147730.0,1074660.0
2020-08-26,48.8,52.97,59.15,90.8,48.85,53.26,59.35,91.2,48.2,52.67,58.15,90.0,48.4,52.87,58.55,91.0,1328990.0,883720.0,601340.0,547280.0
2020-08-27,48.25,52.77,58.06,90.1,50.1,53.07,58.55,91.0,48.25,52.77,57.96,90.1,49.85,52.97,58.35,91.0,3724990.0,816320.0,605350.0,437950.0
2020-08-28,50.2,53.26,59.05,91.3,51.0,54.85,61.33,92.3,49.9,53.07,58.65,89.9,49.9,53.86,60.34,89.9,4009380.0,2380000.0,1224030.0,636020.0
2020-08-31,49.9,54.35,60.34,90.0,50.3,55.4,61.13,91.5,49.35,53.76,59.54,90.0,49.5,54.35,59.54,90.0,1940640.0,1294650.0,638480.0,276580.0
2020-09-01,49.5,54.35,59.94,90.2,50.5,54.35,60.64,94.0,49.35,53.66,59.35,89.9,49.9,53.96,60.54,92.7,1757410.0,1624840.0,611550.0,675310.0
2020-09-03,50.4,54.75,60.83,93.5,50.5,54.85,61.03,95.6,49.9,54.05,59.84,92.7,50.4,54.75,60.93,94.5,2281510.0,1754030.0,694700.0,1037080.0
2020-09-04,49.6,53.86,59.64,94.5,50.0,55.83,60.8,95.5,49.5,53.86,59.64,93.4,50.0,55.64,60.14,94.0,1538510.0,2640190.0,727010.0,825960.0
2020-09-07,49.95,55.93,60.24,94.0,50.0,57.0,60.8,95.3,48.5,53.96,58.55,91.5,48.5,53.96,58.9,91.5,2270970.0,2265500.0,890940.0,465400.0
2020-09-08,48.75,54.7,58.55,91.6,49.5,55.0,59.5,92.5,48.5,53.76,57.86,90.5,49.5,54.15,59.35,90.5,1628870.0,1460040.0,510730.0,622290.0
2020-09-09,48.65,53.46,58.55,90.4,49.5,55.2,59.5,92.4,48.65,53.46,58.35,89.4,49.2,54.35,59.5,90.5,1490820.0,1082410.0,348460.0,865880.0
2020-09-10,49.5,54.75,59.15,91.0,49.8,55.5,60.0,92.5,49.1,54.05,59.05,90.5,49.2,54.15,59.35,90.5,1005950.0,735560.0,294680.0,421160.0
2020-09-11,49.0,53.96,59.15,90.0,49.2,54.9,59.5,92.3,48.85,53.66,58.55,89.9,49.15,54.35,59.05,91.1,872160.0,539780.0,349420.0,411350.0
2020-09-14,49.25,54.35,59.54,91.3,49.5,55.8,59.9,93.6,49.1,54.35,59.15,91.2,49.3,54.94,59.54,93.1,1127400.0,944590.0,504820.0,608930.0
2020-09-15,49.5,54.94,59.54,93.2,50.0,55.6,60.2,95.0,49.3,54.45,59.25,93.2,50.0,54.75,59.44,95.0,1906730.0,794620.0,313000.0,983560.0
2020-09-16,50.0,54.75,60.04,94.9,50.8,54.75,60.54,95.5,50.0,53.96,59.74,93.1,50.5,54.25,60.24,95.5,1918130.0,908870.0,634810.0,544300.0
2020-09-17,50.3,54.25,60.44,93.1,50.5,54.25,60.54,95.5,49.9,53.36,59.35,93.1,50.0,53.36,59.35,94.0,1563010.0,1241490.0,393600.0,833870.0
2020-09-18,50.1,53.36,59.35,95.0,51.4,53.96,59.94,95.4,50.1,53.36,59.35,93.5,51.2,53.56,59.94,94.0,3306720.0,1122350.0,268900.0,1089310.0
2020-09-21,51.2,53.76,59.94,94.0,51.7,54.15,61.13,96.0,51.2,53.76,59.94,94.0,51.2,53.86,60.54,96.0,1530250.0,879920.0,907790.0,571860.0
2020-09-22,50.8,53.86,60.54,96.0,51.3,53.96,60.64,96.2,50.6,53.46,59.94,94.6,51.3,53.66,60.44,94.6,1630570.0,760350.0,594930.0,505230.0
2020-09-23,51.3,53.96,60.34,95.0,51.5,54.75,62.92,95.7,50.8,53.76,60.24,94.5,51.1,54.75,62.92,94.5,1797680.0,1284870.0,2082610.0,111830.0
2020-09-24,50.7,54.45,62.32,93.8,51.0,55.04,62.82,95.5,50.2,54.35,61.73,93.0,50.5,54.35,61.83,93.0,1728380.0,881030.0,594470.0,388940.0
2020-09-25,50.7,54.35,62.02,94.5,50.8,54.65,62.32,94.8,50.0,53.86,61.23,92.8,50.8,54.05,61.53,92.8,1205550.0,708340.0,560390.0,412210.0
2020-09-28,50.9,54.25,61.53,94.2,51.3,54.45,61.63,94.2,50.6,53.86,61.13,92.8,51.1,54.05,61.53,92.8,1312300.0,623360.0,635190.0,202840.0
2020-09-29,51.4,54.25,62.02,94.0,51.4,54.25,62.12,94.0,50.3,52.97,60.34,92.4,50.6,52.97,60.34,92.5,1523610.0,1283100.0,996730.0,295820.0
2020-09-30,50.2,52.97,60.54,91.5,50.4,53.96,60.73,93.4,49.75,52.97,60.14,91.5,50.0,53.96,60.44,91.5,2500310.0,843740.0,458470.0,417360.0
2020-10-01,50.2,54.05,60.64,91.9,50.8,55.0,61.23,93.4,50.2,53.96,60.64,91.9,50.8,54.9,61.23,92.5,905510.0,964220.0,488320.0,212510.0
2020-10-02,50.8,54.25,61.33,92.5,51.1,54.8,61.53,94.0,49.4,53.17,56.96,92.0,50.3,53.46,60.54,94.0,1947940.0,1483120.0,1002960.0,400770.0
2020-10-05,50.4,53.96,60.54,94.0,50.8,56.1,61.03,94.0,49.9,53.56,60.34,92.0,50.5,55.34,60.73,93.3,1498360.0,3268020.0,479610.0,90450.0
2020-10-06,50.8,56.4,61.33,93.3,50.9,57.7,61.33,93.3,50.3,55.64,60.44,91.8,50.5,57.32,60.64,91.8,1520290.0,4400570.0,464940.0,521190.0
2020-10-07,50.5,57.22,60.44,91.5,50.7,61.27,60.93,93.5,50.2,57.22,60.24,91.0,50.4,61.17,60.64,92.5,1493710.0,6435850.0,645490.0,381520.0
2020-10-08,50.5,60.77,60.73,92.0,51.5,63.3,62.62,92.9,50.3,59.88,60.64,91.5,51.1,63.15,62.32,92.3,3062690.0,4846470.0,1514000.0,216990.0
2020-10-09,51.0,62.65,62.52,92.3,51.2,67.4,63.61,93.7,50.8,61.47,61.73,92.3,50.8,67.3,62.72,93.6,1173500.0,5339660.0,822790.0,309580.0
2020-10-12,50.9,66.21,62.92,93.6,51.4,69.37,63.32,94.0,50.6,65.72,61.33,92.5,50.9,69.37,61.53,93.9,1550680.0,5818700.0,552410.0,326290.0
2020-10-13,50.9,70.0,61.53,93.9,51.0,75.1,62.12,94.1,50.5,67.89,61.53,93.4,50.7,73.92,62.02,94.1,1222200.0,4664240.0,547290.0,271990.0
2020-10-14,50.8,73.62,61.93,94.1,51.4,79.06,63.02,95.0,50.5,72.24,61.63,94.0,51.0,79.06,62.42,95.0,2409760.0,5066890.0,663960.0,389260.0
2020-10-15,51.2,78.96,62.72,95.2,51.4,81.92,64.61,97.5,50.7,77.38,62.72,91.0,51.2,80.14,64.51,97.5,1925370.0,5698130.0,1908730.0,1358580.0
2020-10-16,51.2,80.04,64.51,98.1,53.8,80.8,68.5,98.1,50.9,74.71,63.71,96.9,53.2,79.06,67.58,97.6,5769540.0,6539150.0,1804530.0,596590.0
2020-10-19,53.6,75.3,68.28,97.8,53.8,82.0,68.77,97.9,53.0,75.3,66.79,97.4,53.3,82.0,66.99,97.7,2333670.0,3072960.0,849020.0,370590.0
2020-10-20,53.1,80.83,66.79,97.4,53.3,83.7,66.89,97.9,52.5,79.06,65.8,95.8,53.2,82.71,66.49,97.8,1886160.0,4875310.0,997580.0,511250.0
2020-10-21,53.2,82.02,66.49,97.8,54.5,84.8,67.88,97.9,52.8,81.03,66.19,96.7,52.8,82.71,66.49,97.3,3305010.0,1756450.0,871370.0,172010.0
2020-10-22,52.8,81.82,66.69,97.0,54.0,85.0,68.2,100.1,52.6,81.53,65.9,96.8,54.0,85.0,67.68,100.1,2346540.0,5130670.0,836480.0,621610.0
2020-10-23,54.2,84.1,67.98,100.0,54.5,86.1,68.28,104.9,53.5,83.5,67.19,100.0,53.9,84.99,67.48,104.0,2646310.0,3419860.0,1027180.0,1761080.0
2020-10-26,53.9,83.7,68.18,109.0,54.5,87.0,70.8,109.4,52.8,83.7,67.58,105.0,52.8,86.86,69.0,105.1,3852510.0,4666520.0,1797850.0,974720.0
2020-10-27,52.9,88.0,69.5,106.0,53.2,89.0,70.0,107.1,52.1,84.0,68.18,104.0,52.1,86.86,68.87,105.7,3188810.0,4042910.0,1082800.0,804020.0
2020-10-28,52.0,86.76,68.57,105.7,52.4,87.7,69.27,107.0,50.7,84.0,65.5,100.0,50.7,84.99,65.5,100.2,3596230.0,4631980.0,1433230.0,1184890.0
2020-10-29,50.4,82.02,65.5,100.2,51.3,84.9,68.2,103.0,50.2,79.06,64.9,100.0,50.9,84.0,66.29,100.7,2719690.0,6707870.0,1616230.0,1327780.0
2020-10-30,51.5,82.2,67.5,101.5,51.5,83.01,68.97,106.5,50.5,79.06,66.09,100.7,51.5,83.01,68.97,106.5,1469970.0,4060060.0,1141590.0,972400.0
2020-11-02,51.5,83.01,69.37,106.5,51.7,84.5,71.75,107.0,51.2,81.33,68.97,105.0,51.7,84.5,70.96,106.5,866110.0,3845900.0,1565570.0,691110.0
2020-11-03,51.9,83.01,71.35,107.0,52.9,84.0,72.4,107.0,51.7,82.22,70.06,104.4,52.8,84.0,70.46,104.4,2562890.0,3178300.0,1068050.0,751070.0
2020-11-04,53.0,83.01,70.66,104.3,53.3,84.7,72.0,104.4,52.5,82.12,70.06,103.0,53.0,83.21,71.16,103.5,1369690.0,2008660.0,941660.0,495340.0
2020-11-05,52.7,83.5,73.0,104.2,53.4,87.4,73.4,106.9,52.0,82.81,71.35,104.0,52.0,86.86,72.05,104.5,1305860.0,1794890.0,1297760.0,789860.0
2020-11-06,52.4,86.76,72.94,106.0,52.8,88.9,74.43,106.0,52.1,85.97,72.54,104.5,52.4,88.84,72.74,105.1,987260.0,1218300.0,1668190.0,592830.0
2020-11-09,52.8,88.94,73.93,105.1,53.4,94.47,74.33,106.2,52.7,88.74,72.45,104.7,53.4,94.47,74.0,106.1,2011650.0,2470010.0,1506110.0,803680.0
2020-11-10,54.0,96.0,73.24,106.5,54.0,97.1,74.0,107.2,53.0,93.78,72.45,105.6,53.0,94.27,72.45,105.6,1739340.0,3489650.0,1116100.0,781980.0
2020-11-11,53.4,92.59,72.45,105.6,53.4,95.3,73.1,106.0,52.7,90.91,71.16,103.4,53.0,94.27,71.35,105.8,1668230.0,2025450.0,1709780.0,1032780.0
2020-11-12,53.0,94.37,72.0,105.8,53.5,95.4,73.1,106.8,52.9,92.0,70.96,105.0,53.5,92.0,73.04,106.8,1234540.0,484080.0,889610.0,682660.0
2020-11-13,53.8,91.61,72.94,106.8,53.8,91.9,74.4,108.0,53.5,88.84,72.94,106.1,53.8,89.04,73.24,107.4,1318170.0,1094470.0,631180.0,535350.0
2020-11-16,54.0,88.44,73.9,107.4,54.4,89.04,74.1,108.5,53.3,82.91,71.55,102.0,53.3,82.91,71.55,102.0,3713690.0,2454980.0,1409570.0,1781800.0
2020-11-17,53.6,83.01,72.45,103.0,54.1,84.89,73.5,106.0,53.0,82.81,71.85,102.2,54.0,84.0,73.44,106.0,2515530.0,813710.0,887650.0,862320.0
2020-11-18,54.3,84.1,73.14,105.9,54.3,85.0,73.8,105.9,53.7,81.72,72.54,103.0,54.0,81.92,72.94,104.9,1757160.0,985490.0,780440.0,751270.0
2020-11-19,54.3,82.02,73.93,104.8,55.9,83.0,73.93,104.8,54.0,80.04,72.94,103.0,55.1,81.03,73.44,104.0,4980430.0,1205410.0,1323020.0,1192700.0
2020-11-20,55.1,80.74,73.44,104.5,55.9,82.91,73.54,104.5,55.1,80.14,72.84,103.4,55.2,81.03,73.04,103.8,1837360.0,1166780.0,646460.0,533840.0
2020-11-23,55.2,81.03,73.44,104.0,56.2,83.2,76.7,105.1,54.6,81.03,72.84,103.1,55.9,82.12,76.7,103.8,2824640.0,871370.0,1959950.0,735650.0
2020-11-24,55.9,82.12,76.41,103.9,56.5,82.3,76.51,104.9,55.1,79.75,73.54,103.1,55.6,81.03,75.32,104.0,3003940.0,679550.0,1122210.0,812220.0
2020-11-25,56.3,81.03,76.91,104.1,56.3,82.7,76.91,106.2,55.2,81.03,75.32,104.1,55.2,81.33,75.62,105.6,1835630.0,686650.0,1091650.0,1222490.0
2020-11-26,55.3,80.74,75.32,105.0,56.0,82.71,76.5,106.2,54.8,80.64,74.43,104.5,55.7,82.71,75.62,106.1,1635130.0,510660.0,816530.0,545450.0
2020-11-27,55.9,83.7,75.62,106.0,56.2,83.7,78.6,106.1,55.6,81.82,75.42,104.8,56.2,82.71,78.2,105.2,1986420.0,420570.0,1255000.0,720830.0
2020-11-30,56.7,82.1,79.19,105.2,56.7,82.9,79.6,105.5,55.4,80.74,77.31,103.8,55.4,81.03,77.31,103.9,2761700.0,964680.0,1194810.0,1596840.0
2020-12-01,55.0,79.65,76.41,103.0,55.4,82.02,77.8,105.0,54.8,79.55,76.12,102.8,55.2,82.02,77.41,105.0,3427370.0,1051590.0,890610.0,953230.0
2020-12-02,55.0,81.92,77.41,104.9,55.7,83.7,77.5,105.5,55.0,81.03,76.12,104.2,55.6,82.22,76.41,105.0,2108200.0,741130.0,1002760.0,497910.0
2020-12-03,55.6,82.32,76.41,105.0,55.7,83.9,76.91,105.8,55.1,81.53,75.42,104.3,55.6,82.42,76.91,105.8,1627980.0,542070.0,942980.0,731750.0
2020-12-04,55.4,83.01,76.91,105.7,55.9,86.47,77.9,106.5,55.4,82.51,76.81,104.5,55.7,84.99,77.9,105.8,1380920.0,1978040.0,904440.0,797060.0
2020-12-07,55.9,86.5,77.61,105.8,56.0,87.1,78.9,106.0,55.5,84.49,77.21,105.1,55.7,84.99,77.9,105.8,1455180.0,825210.0,594550.0,678660.0
2020-12-08,55.7,85.08,78.3,105.8,56.6,85.38,78.7,105.8,55.5,84.29,78.0,104.8,56.2,84.49,78.5,105.0,2297110.0,855880.0,727940.0,747280.0
2020-12-09,56.3,84.49,78.5,105.0,57.8,84.69,78.9,106.0,56.2,84.0,78.0,104.4,57.5,84.39,78.4,106.0,3001820.0,840910.0,566430.0,789790.0
2020-12-10,57.0,84.39,78.5,106.0,57.7,84.39,78.8,106.9,56.5,82.61,73.0,104.9,56.5,82.91,73.0,104.9,2112490.0,1432910.0,964410.0,979550.0
2020-12-11,56.6,82.91,76.0,104.9,57.0,83.6,78.0,106.8,56.3,82.22,76.0,104.9,57.0,83.5,77.4,106.8,1750270.0,791100.0,1089180.0,569360.0
2020-12-14,57.0,83.7,77.5,106.7,57.9,84.1,78.0,108.9,56.9,82.91,77.5,105.5,57.2,83.5,77.6,108.9,1443760.0,1079350.0,533210.0,1122380.0
2020-12-15,57.5,83.5,77.9,108.9,57.5,83.8,79.0,108.9,56.6,82.91,76.2,106.8,56.7,83.5,77.1,107.0,2666900.0,935010.0,867800.0,1205700.0
2020-12-16,57.2,83.01,77.2,106.8,57.5,83.6,77.6,107.1,57.0,82.91,77.0,105.9,57.1,83.5,77.6,107.0,1995530.0,648540.0,636190.0,756200.0
2020-12-17,56.9,83.5,76.5,106.3,57.0,84.3,77.4,106.9,56.0,82.9,75.0,104.7,56.5,84.0,75.8,104.7,3594500.0,1179730.0,1289500.0,1352580.0
2020-12-18,56.5,83.7,75.8,104.7,57.0,84.3,77.5,106.1,56.5,83.7,75.8,104.5,56.9,84.1,77.3,104.7,1532820.0,1417470.0,582740.0,1350780.0
2020-12-21,57.3,85.0,77.3,105.5,57.8,85.0,77.4,106.4,57.1,83.4,76.5,104.9,57.5,83.8,77.3,106.4,2307390.0,827020.0,676290.0,587100.0
2020-12-22,57.4,83.8,77.7,106.0,58.5,84.0,78.7,107.0,57.2,82.5,77.0,105.3,58.1,82.8,78.3,105.7,2576390.0,805250.0,957080.0,518320.0
